"state","year","gross_inv","ipd","gross_inv_chain","population","inv_ch_x_pop"
"alabama","1992",508.833,81260.1,1328.224,4.154014,319.744709574883
"alaska","1992",254.279,22752.8,663.753,0.588736,1127.42043972171
"arizona","1992",511.14,82682.2,1334.245,3.91574,340.738915249736
"arkansas","1992",313.697,45017.8,818.852,2.415984,338.931052523527
"california","1992",2391.563,807358.4,6242.776,30.974659,201.544623945658
"colorado","1992",446.168,87302.1,1164.647,3.495939,333.142826576779
"connecticut","1992",563.323,105758.8,1470.46,3.300712,445.49781986432
"delaware","1992",202.419,22907.1,528.381,0.694925,760.342483001763
"district of columbia","1992",99.906,43186.5,260.788,0.597565,436.417795553622
"florida","1992",1990.369,284672.6,5195.526,13.650553,380.609195832579
"georgia","1992",1010.75,160061.8,2638.394,6.817203,387.020013926533
"hawaii","1992",287.605,36129.5,750.743,1.158613,647.96700882866
"idaho","1992",189.581,20631.6,494.869,1.071685,461.767217046054
"illinois","1992",1741.414,306236.3,4545.67,11.694184,388.712029843211
"indiana","1992",642.201,124714.3,1676.358,5.674547,295.41706148526
"iowa","1992",584.535,61870.3,1525.831,2.818401,541.381797693089
"kansas","1992",430.893,56901.7,1124.774,2.532394,444.154424627447
"kentucky","1992",621.985,77531.4,1623.588,3.765469,431.178161339265
"louisiana","1992",565.337,90889.7,1475.718,4.293003,343.749585080653
"maine","1992",116.735,24329.4,304.718,1.238508,246.036359878176
"maryland","1992",489.759,119535.3,1278.434,4.923368,259.666553465026
"massachusetts","1992",888.559,167434.9,2319.435,6.028709,384.731623304426
"michigan","1992",811.887,212056.8,2119.296,9.479065,223.576481435669
"minnesota","1992",1043.82,114517.8,2724.718,4.495572,606.089280741138
"mississippi","1992",348.663,44011.8,910.125,2.623734,346.881581745711
"missouri","1992",567.625,115288.4,1481.689,5.217101,284.006194244658
"montana","1992",191.222,14936.9,499.154,0.82577,604.47097860179
"nebraska","1992",343.544,38213.6,896.765,1.611687,556.413869442392
"nevada","1992",316.658,36051.6,826.583,1.351367,611.664336926978
"new hampshire","1992",104.08,26331.8,271.684,1.117784,243.055903466144
"new jersey","1992",1269.657,230774.5,3314.228,7.880508,420.56019738829
"new mexico","1992",413.72,32638.4,1079.946,1.595442,676.894553358881
"new york","1992",2339.42,519703.9,6106.664,18.246653,334.673104157787
"north carolina","1992",738.454,159337,1927.611,6.897214,279.47675684704
"north dakota","1992",120.722,12896.2,315.124,0.638223,493.752183797826
"ohio","1992",1295.813,250649.6,3382.502,11.029431,306.67964648403
"oklahoma","1992",363.296,62208.5,948.324,3.220517,294.463280274565
"oregon","1992",405.707,63392.3,1059.03,2.991755,353.982862901541
"pennsylvania","1992",981.5,269849.2,2562.041,12.04945,212.627215350078
"rhode island","1992",170.989,22665.2,446.339,1.012581,440.793378505028
"south carolina","1992",411.373,71848,1073.82,3.620464,296.597342219119
"south dakota","1992",157.849,14885.5,412.038,0.712801,578.054744592109
"tennessee","1992",743.826,111660.4,1941.633,5.049742,384.501426013448
"texas","1992",2327.644,416401.3,6075.925,17.759738,342.117941154312
"utah","1992",241.837,35602.3,631.275,1.836799,343.682133973287
"vermont","1992",76.233,12538.3,198.994,0.572751,347.435447515587
"virginia","1992",724.187,158990.2,1890.369,6.414307,294.711338263042
"washington","1992",675.573,134469,1763.471,5.160757,341.707815345694
"west virginia","1992",282.471,30410.3,737.343,1.806451,408.172156344124
"wisconsin","1992",876.466,112972.1,2287.867,5.025398,455.260856951032
"wyoming","1992",174.709,13178.7,456.048,0.466251,978.116937014612
"alabama","1993",534.588,84562.8,1381.32,4.214202,327.777358560411
"alaska","1993",267.149,23284.2,690.286,0.599432,1151.56681658637
"arizona","1993",537.011,89299.8,1387.581,4.06544,341.311395568499
"arkansas","1993",329.574,47566,851.586,2.456303,346.694198557751
"california","1993",2512.611,826446.9,6492.33,31.274928,207.588967111291
"colorado","1993",468.751,95658.7,1211.204,3.613734,335.166893855497
"connecticut","1993",591.835,107680,1529.242,3.309175,462.121827948053
"delaware","1993",212.664,23508.6,549.503,0.706378,777.916356398416
"district of columbia","1993",104.963,45356.2,271.213,0.595301,455.589693281214
"florida","1993",2091.111,304403,5403.216,13.927185,387.961817122412
"georgia","1993",1061.909,171658.9,2743.863,6.97824,393.202727335259
"hawaii","1993",302.161,36732.4,780.754,1.172838,665.69637068376
"idaho","1993",199.176,23099.8,514.652,1.108768,464.165632485786
"illinois","1993",1829.555,320078.9,4727.383,11.809579,400.300721981707
"indiana","1993",674.706,132108.2,1743.371,5.739019,303.775087693559
"iowa","1993",614.121,63385.5,1586.826,2.836972,559.337913803873
"kansas","1993",452.702,58953.2,1169.736,2.556547,457.545274935294
"kentucky","1993",653.467,81618.1,1688.491,3.812206,442.91704068458
"louisiana","1993",593.951,95866.4,1534.71,4.316428,355.55093239132
"maine","1993",122.644,25201.9,316.899,1.242302,255.090147162284
"maryland","1993",514.548,125515.4,1329.539,4.971889,267.411239470551
"massachusetts","1993",933.533,173527.4,2412.154,6.060569,398.007843817965
"michigan","1993",852.981,226368,2204.015,9.540114,231.026065306976
"minnesota","1993",1096.652,117947.4,2833.638,4.555954,621.963698492127
"mississippi","1993",366.31,47340.3,946.507,2.6551,356.486384693608
"missouri","1993",596.355,118905.6,1540.919,5.271175,292.329319364278
"montana","1993",200.901,16054.4,519.107,0.844761,614.501616433524
"nebraska","1993",360.933,39353.4,932.613,1.62559,573.707392392916
"nevada","1993",332.686,40039.1,859.626,1.411215,609.138933472221
"new hampshire","1993",109.348,27362.1,282.545,1.129458,250.159811166064
"new jersey","1993",1333.92,240389.4,3446.714,7.948915,433.608108779626
"new mexico","1993",434.66,36876.1,1123.117,1.636453,686.311797527946
"new york","1993",2457.828,537504.2,6350.777,18.374954,345.621382235841
"north carolina","1993",775.831,168005.7,2004.667,7.042818,284.639898404303
"north dakota","1993",126.832,13049.3,327.721,0.641216,511.092985826929
"ohio","1993",1361.399,259611.6,3517.717,11.10114,316.878897122278
"oklahoma","1993",381.684,65552.1,986.233,3.252285,303.243104463477
"oregon","1993",426.241,69408.5,1101.364,3.060367,359.879713772891
"pennsylvania","1993",1031.178,281703.7,2664.458,12.119724,219.844775343069
"rhode island","1993",179.644,23566.4,464.181,1.015112,457.270724806721
"south carolina","1993",432.194,76158.3,1116.746,3.663314,304.845830851519
"south dakota","1993",165.838,16104.5,428.51,0.722159,593.373481463223
"tennessee","1993",781.474,119567.6,2019.25,5.137584,393.034936265762
"texas","1993",2445.456,443775.4,6318.809,18.161612,347.921153694947
"utah","1993",254.078,38631.4,656.511,1.898404,345.822596244003
"vermont","1993",80.092,13026.9,206.949,0.577748,358.199422585626
"virginia","1993",760.841,167688.4,1965.936,6.50963,302.004261378911
"washington","1993",709.767,142499.7,1833.966,5.278842,347.418240591402
"west virginia","1993",296.768,31881.4,766.818,1.817539,421.899062413516
"wisconsin","1993",920.827,120023.9,2379.324,5.084889,467.920538678425
"wyoming","1993",183.552,13790.6,474.279,0.473081,1002.53233590019
"alabama","1994",550.485,90098.5,1386.588,4.260229,325.472644780363
"alaska","1994",278.957,23604.7,702.651,0.603308,1164.6638201383
"arizona","1994",588.736,100374.2,1482.938,4.245089,349.330249613141
"arkansas","1994",370.106,51415.9,932.24,2.494019,373.790255807995
"california","1994",2650.115,861360,6675.239,31.484435,212.017112582773
"colorado","1994",511.927,104506.8,1289.468,3.724168,346.243241443458
"connecticut","1994",592.508,113115.1,1492.437,3.316121,450.055049257853
"delaware","1994",224.569,25637.9,565.655,0.717545,788.319896313123
"district of columbia","1994",99.466,46654.8,250.54,0.589239,425.192494047407
"florida","1994",2341.6,327167.4,5898.138,14.239444,414.211257124927
"georgia","1994",1201.18,187995.6,3025.591,7.157165,422.735957603325
"hawaii","1994",291.906,37394.9,735.268,1.187536,619.1542824807
"idaho","1994",221.286,25455.5,557.386,1.14514,486.740485879456
"illinois","1994",1888.566,347971.5,4757.014,11.912585,399.326762411349
"indiana","1994",712.144,143335.2,1793.784,5.793526,309.618701978726
"iowa","1994",668.603,70161,1684.111,2.850746,590.761505935639
"kansas","1994",554.715,63304.1,1397.243,2.580513,541.459391989112
"kentucky","1994",686.568,87645.7,1729.36,3.849088,449.290845000166
"louisiana","1994",632.323,105118.9,1592.727,4.347481,366.356287698555
"maine","1994",142.846,26543.5,359.808,1.242662,289.546151729111
"maryland","1994",545.726,133311.3,1374.602,5.02306,273.658287975855
"massachusetts","1994",1128.041,185710.2,2841.365,6.095241,466.161223157542
"michigan","1994",879.457,251483.9,2215.22,9.597737,230.806491155155
"minnesota","1994",1148.622,128167.2,2893.207,4.610355,627.545384249152
"mississippi","1994",431.164,51601.6,1086.037,2.688992,403.882570122931
"missouri","1994",701.803,130566.7,1767.736,5.324497,332.000562682259
"montana","1994",218.082,17062.1,549.315,0.861306,637.769851829663
"nebraska","1994",392.118,43504.3,987.685,1.639041,602.599324849104
"nevada","1994",387.286,45172.8,975.515,1.499298,650.647836520825
"new hampshire","1994",110.184,29190.1,277.537,1.14256,242.908031088083
"new jersey","1994",1395.012,251572.6,3513.824,8.014306,438.44395260176
"new mexico","1994",392.956,41684.5,989.796,1.682398,588.324522497055
"new york","1994",2792.872,555321.8,7034.823,18.45947,381.095611087426
"north carolina","1994",932.059,181287.8,2347.716,7.187398,326.643383321753
"north dakota","1994",131.654,14303.8,331.617,0.644804,514.291164446871
"ohio","1994",1392.585,281924.7,3507.711,11.152454,314.5236913777
"oklahoma","1994",427.717,68250.7,1077.356,3.28094,328.368089632849
"oregon","1994",453.957,75393.1,1143.448,3.121264,366.341328384911
"pennsylvania","1994",1094.548,296601.6,2757.002,12.16605,226.614390044427
"rhode island","1994",180.932,24353.7,455.74,1.01596,448.580652781606
"south carolina","1994",407.791,82061.5,1027.164,3.705397,277.207543483195
"south dakota","1994",177.55,17329.6,447.222,0.73079,611.970607151165
"tennessee","1994",842.272,129895.2,2121.557,5.231438,405.539929938957
"texas","1994",2654.625,475989.7,6686.599,18.564062,360.190512184241
"utah","1994",278.244,42591.1,700.855,1.960446,357.497732658793
"vermont","1994",80.628,13689.2,203.089,0.583836,347.852821682801
"virginia","1994",894.407,177057.3,2252.877,6.593139,341.700212903141
"washington","1994",884.435,150805.2,2227.757,5.375161,414.454004261454
"west virginia","1994",333.218,34592.1,839.325,1.820421,461.060930411152
"wisconsin","1994",956.566,129436.7,2409.446,5.133678,469.341084501209
"wyoming","1994",193.885,14070.4,488.367,0.480283,1016.83174295155
"alabama","1995",525.402,95819.1,1255.353,4.2968,292.159979519643
"alaska","1995",270.355,25448.8,645.963,0.604412,1068.74615328617
"arizona","1995",599.93,109905.7,1433.423,4.432499,323.389356658625
"arkansas","1995",385.918,54611.8,922.08,2.535399,363.682402651417
"california","1995",2596.123,911576.8,6202.962,31.696582,195.698135527673
"colorado","1995",519.689,112707.9,1241.702,3.826653,324.487744250655
"connecticut","1995",547.512,123212.2,1308.18,3.324144,393.538908061745
"delaware","1995",220.27,27720.9,526.295,0.729734,721.214853631597
"district of columbia","1995",85.771,47093.9,204.934,0.580517,353.019808205444
"florida","1995",2435.129,346951.2,5818.295,14.537875,400.216331478982
"georgia","1995",1260.957,203397.1,3012.826,7.328413,411.115749071457
"hawaii","1995",258.148,37763.1,616.797,1.196854,515.348572173381
"idaho","1995",228.414,27762.4,545.753,1.177322,463.554575553672
"illinois","1995",1807.412,364450.7,4318.482,12.008437,359.620656709945
"indiana","1995",698.17,150403.9,1668.151,5.851459,285.082916927214
"iowa","1995",676.651,73136.6,1616.734,2.867373,563.83804967125
"kansas","1995",623.593,65281.9,1489.962,2.601007,572.840442182585
"kentucky","1995",669.818,91914.7,1600.409,3.887427,411.688502446477
"louisiana","1995",625.532,112875.7,1494.594,4.378779,341.326657499728
"maine","1995",153.941,28152.6,367.813,1.24348,295.793257631808
"maryland","1995",537.742,139070.1,1284.837,5.070033,253.417877161746
"massachusetts","1995",1253.942,196408.7,2996.065,6.141445,487.843658943457
"michigan","1995",840.567,256614.9,2008.381,9.676211,207.558619794463
"minnesota","1995",1116.87,135124.1,2668.557,4.66018,572.629597998361
"mississippi","1995",468.894,54984.3,1120.336,2.722659,411.485977494795
"missouri","1995",763.091,140059.8,1823.266,5.378247,339.007487012032
"montana","1995",220.06,17519.3,525.794,0.876553,599.842793305139
"nebraska","1995",395.997,45111.3,946.163,1.656992,571.012412854136
"nevada","1995",417.175,49249.3,996.765,1.581578,630.234487328478
"new hampshire","1995",102.595,31875.5,245.132,1.157561,211.765945811927
"new jersey","1995",1354.229,263468,3235.682,8.083242,400.295079622755
"new mexico","1995",316.964,42145.9,757.327,1.720394,440.205557564139
"new york","1995",2944.148,582656.3,7034.504,18.524104,379.74867772282
"north carolina","1995",1031.174,193466.7,2463.802,7.344674,335.45423527307
"north dakota","1995",126.772,14841.9,302.899,0.647832,467.557947122093
"ohio","1995",1319.246,297538.2,3152.097,11.202751,281.368121098112
"oklahoma","1995",445.106,70859.4,1063.501,3.308208,321.473438187683
"oregon","1995",449.264,81553.7,1073.435,3.184369,337.095041435211
"pennsylvania","1995",1079.451,312989.4,2579.152,12.198403,211.433578641401
"rhode island","1995",168.377,25549.8,402.306,1.017002,395.580343008175
"south carolina","1995",349.597,87247.7,835.299,3.748582,222.830659700121
"south dakota","1995",176.669,18053.8,422.119,0.737925,572.035098417861
"tennessee","1995",843.83,137061.2,2016.178,5.326936,378.487370601036
"texas","1995",2678.75,507725.3,6400.385,18.958751,337.595287790847
"utah","1995",283.228,46746.4,676.722,2.014177,335.979409952551
"vermont","1995",74.992,13891.4,179.179,0.589002,304.207795559268
"virginia","1995",971.615,186235.6,2321.498,6.670693,348.01451663268
"washington","1995",1007.414,155068.6,2407.032,5.481027,439.157114168567
"west virginia","1995",347.408,36148.7,830.067,1.8237,455.155453199539
"wisconsin","1995",921.866,135311.3,2202.63,5.184836,424.821537267524
"wyoming","1995",190.234,14608.1,454.529,0.48516,936.864127298211
"alabama","1996",517.464,100145.9,1187.131,4.331102,274.094445247422
"alaska","1996",270.805,26736.9,621.262,0.608569,1020.85712548618
"arizona","1996",632.838,119530.2,1451.814,4.58694,316.510353307434
"arkansas","1996",416.16,57976.4,954.727,2.572109,371.184502678541
"california","1996",2630.597,964185.5,6034.941,32.018834,188.480973417083
"colorado","1996",546.157,121081,1252.957,3.919972,319.634170856322
"connecticut","1996",519.369,129111.3,1191.502,3.336685,357.091544452053
"delaware","1996",223.492,29156.5,512.721,0.740977,691.95265170174
"district of columbia","1996",74.359,47822.9,170.589,0.572377,298.036084608571
"florida","1996",2619.377,370912.5,6009.202,14.85336,404.568528602283
"georgia","1996",1368.319,219989,3139.108,7.501069,418.488084831642
"hawaii","1996",231.661,38124.6,531.462,1.203755,441.503462083231
"idaho","1996",243.963,28914.6,559.684,1.203083,465.208136097011
"illinois","1996",1785.508,383504.1,4096.195,12.101997,338.472650422901
"indiana","1996",708.017,158350.1,1624.285,5.906013,275.022252744787
"iowa","1996",708.944,78819.2,1626.412,2.88,564.726388888889
"kansas","1996",718.116,69616.1,1647.454,2.614554,630.108997557518
"kentucky","1996",675.742,96616.8,1550.244,3.919535,395.517325397018
"louisiana","1996",640.389,118807.2,1469.139,4.398877,333.980468196769
"maine","1996",171.048,29255.9,392.408,1.24906,314.162650313035
"maryland","1996",548.254,145023.1,1257.768,5.111986,246.04292734761
"massachusetts","1996",1430.732,210630.5,3282.29,6.179756,531.135857143874
"michigan","1996",829.17,270319.7,1902.227,9.758645,194.927369527224
"minnesota","1996",1122.718,145880.3,2575.665,4.712827,546.522289063443
"mississippi","1996",525.151,57460.1,1204.767,2.748085,438.402378383493
"missouri","1996",854.524,148256.8,1960.393,5.431553,360.926792024307
"montana","1996",229.89,18118.7,527.398,0.886254,595.086735856763
"nebraska","1996",414.021,49006.9,949.82,1.67374,567.483599603284
"nevada","1996",463.351,54418.6,1062.99,1.66632,637.92668875126
"new hampshire","1996",98.209,34560.6,225.305,1.174719,191.794803693479
"new jersey","1996",1358.915,278191.1,3117.533,8.149596,382.538349140252
"new mexico","1996",248.047,44532.1,569.052,1.752326,324.740944322004
"new york","1996",3207.158,620153.4,7357.651,18.58846,395.8182119444
"north carolina","1996",1171.9,203815,2688.496,7.50067,358.434113219219
"north dakota","1996",126.09,16491,289.266,0.650382,444.763231454745
"ohio","1996",1288.396,311120.1,2955.754,11.242827,262.901314767184
"oklahoma","1996",479.094,76316.3,1099.105,3.340129,329.060644064945
"oregon","1996",460.13,93306.4,1055.601,3.247111,325.089287061637
"pennsylvania","1996",1101.533,325000.7,2527.064,12.220464,206.789529431943
"rhode island","1996",161.074,26453.7,369.524,1.020893,361.961537595027
"south carolina","1996",300.582,90754.8,689.576,3.7962,181.649017438491
"south dakota","1996",181.959,19418.7,417.437,0.742213,562.422107939365
"tennessee","1996",875.168,143162.6,2007.754,5.416643,370.663896439178
"texas","1996",2798.443,551512.5,6420.004,19.340342,331.948835237764
"utah","1996",298.447,52016,684.678,2.067976,331.08604742028
"vermont","1996",71.692,14672.4,164.472,0.593701,277.028335812134
"virginia","1996",1087.163,197756.4,2494.097,6.750884,369.447467916794
"washington","1996",1172.45,166539.8,2689.758,5.569753,482.922312712969
"west virginia","1996",374.586,37224.2,859.349,1.822808,471.442411927093
"wisconsin","1996",917.745,143443.8,2105.43,5.229986,402.568955251505
"wyoming","1996",193.082,15752.2,442.956,0.488167,907.386201853054
"alabama","1997",570.38,104087.4,1259.965,4.367935,288.457818168082
"alaska","1997",291.2,25744.8,643.259,0.612968,1049.41693530494
"arizona","1997",672.606,132418,1485.783,4.73699,313.65550697806
"arkansas","1997",453.614,59865.6,1002.03,2.60109,385.234651626818
"california","1997",2902.47,1070523.6,6411.536,32.48601,197.362987944657
"colorado","1997",641.926,136675.3,1418.01,4.018293,352.888651972367
"connecticut","1997",527.018,138648.8,1164.179,3.349348,347.583768542415
"delaware","1997",229.045,32967.7,505.959,0.751487,673.277115904866
"district of columbia","1997",70.937,52451.9,156.7,0.567736,276.008567362295
"florida","1997",2804.725,401723,6195.618,15.186304,407.97405346291
"georgia","1997",1451.577,242596.2,3206.523,7.685099,417.238997181429
"hawaii","1997",229.945,37654.9,507.947,1.21164,419.222706414447
"idaho","1997",251.105,29439,554.688,1.22852,451.509132940449
"illinois","1997",1943.595,415770.7,4293.389,12.185715,352.329674541051
"indiana","1997",733.637,170545.3,1620.599,5.955267,272.128688772476
"iowa","1997",734.828,82572.2,1623.23,2.891119,561.453886886012
"kansas","1997",725.58,74664.6,1602.801,2.635292,608.206225344288
"kentucky","1997",723.61,104584,1598.449,3.952747,404.389403116364
"louisiana","1997",658.077,116494.7,1453.688,4.421071,328.809014829212
"maine","1997",177.42,30630.6,391.919,1.254774,312.342302279135
"maryland","1997",592.103,159335.8,1307.95,5.157328,253.610008903836
"massachusetts","1997",1524.566,237316.4,3367.755,6.226058,540.91288580993
"michigan","1997",856.103,299843.2,1891.125,9.809051,192.793879856471
"minnesota","1997",1159.178,155921.9,2560.617,4.76339,537.561904442005
"mississippi","1997",532.999,58339.9,1177.391,2.777004,423.978863552231
"missouri","1997",900.444,163151.9,1989.074,5.481193,362.890706457518
"montana","1997",240.941,19307.1,532.237,0.889865,598.109825647711
"nebraska","1997",428.797,49886,947.209,1.686418,561.66917098845
"nevada","1997",487.471,60593.4,1076.821,1.764104,610.406756064268
"new hampshire","1997",107.276,38214.9,236.973,1.189425,199.233242953528
"new jersey","1997",1389.826,307895.7,3070.117,8.218808,373.547721275397
"new mexico","1997",269.718,52511.1,595.804,1.774839,335.694674277498
"new york","1997",3277.65,718322.5,7240.305,18.656546,388.083892913511
"north carolina","1997",1242.548,233924.3,2744.78,7.656825,358.474955350292
"north dakota","1997",138.719,15730.3,306.43,0.649716,471.636838249327
"ohio","1997",1381.189,343467.2,3051.038,11.277357,270.545483307835
"oklahoma","1997",523.167,79096,1155.673,3.372917,342.633097701485
"oregon","1997",461.504,100888.6,1019.459,3.30431,308.524018630213
"pennsylvania","1997",1265.809,356146.1,2796.163,12.227814,228.672353046914
"rhode island","1997",165.77,28929.9,366.184,1.025353,357.12969094546
"south carolina","1997",374.064,97393,826.304,3.859696,214.085254382729
"south dakota","1997",197.616,19000,436.531,0.744223,586.55940490955
"tennessee","1997",892.847,154412.9,1972.292,5.499233,358.648560626546
"texas","1997",2965.535,610256.5,6550.847,19.740317,331.851155176485
"utah","1997",331.531,57699.7,732.351,2.119784,345.483785140373
"vermont","1997",78.568,15415,173.557,0.597239,290.598905965618
"virginia","1997",1147.892,217251.9,2535.686,6.829183,371.301515862146
"washington","1997",1199.384,193897.6,2649.432,5.674747,466.881078574957
"west virginia","1997",390.636,38839.7,862.913,1.819113,474.35920693217
"wisconsin","1997",1002.322,153240.7,2214.122,5.266213,420.439127699544
"wyoming","1997",202.533,14724.3,447.393,0.489451,914.071071465785
"alabama","1998",635.601,109404.3,1375.223,4.404701,312.217106223555
"alaska","1998",316.959,24170.4,685.79,0.619932,1106.23423214159
"arizona","1998",723.743,143392.4,1565.931,4.883342,320.667895060391
"arkansas","1998",500.211,62442.5,1082.284,2.626289,412.096307755925
"california","1998",3237.321,1147841.6,7004.449,32.987675,212.335334333202
"colorado","1998",756.572,150381.7,1636.962,4.116639,397.645263526872
"connecticut","1998",540.31,145495.4,1169.045,3.365352,347.376738005415
"delaware","1998",237.36,36783.2,513.565,0.763335,672.791107442997
"district of columbia","1998",67.657,54879.8,146.386,0.56523,258.984838030536
"florida","1998",3040.187,430064.2,6577.918,15.486559,424.750133325292
"georgia","1998",1559.011,264894.9,3373.164,7.863536,428.962746530314
"hawaii","1998",229.989,37624.4,497.616,1.215233,409.481967655585
"idaho","1998",261.42,30983.9,565.624,1.25233,451.65731077272
"illinois","1998",2140.527,436166.7,4631.364,12.271847,377.397469182919
"indiana","1998",769.191,184582.1,1664.266,5.99888,277.429453497986
"iowa","1998",770.693,84546.9,1667.515,2.902872,574.436282412728
"kansas","1998",740.386,78478.8,1601.941,2.660598,602.098099750507
"kentucky","1998",784.413,109656.2,1697.2,3.98539,425.855436983583
"louisiana","1998",683.94,120429.3,1479.812,4.440344,333.265170446254
"maine","1998",186.218,32166.6,402.911,1.259127,319.992343901767
"maryland","1998",647.186,169980.1,1400.288,5.204464,269.055180322123
"massachusetts","1998",1644.679,249154.2,3558.521,6.271838,567.380885794563
"michigan","1998",894.216,312611,1934.776,9.847942,196.465007612758
"minnesota","1998",1210.777,166292.7,2619.705,4.813412,544.251146587909
"mississippi","1998",546.569,60992.3,1182.588,2.804834,421.624951779677
"missouri","1998",960.566,169368.7,2078.333,5.521765,376.389252349566
"montana","1998",255.62,20444.9,553.074,0.892431,619.738668871879
"nebraska","1998",449.351,51829.3,972.241,1.695816,573.317506144534
"nevada","1998",519.178,65315,1123.322,1.853191,606.15554467942
"new hampshire","1998",118.535,40557.8,256.469,1.20594,212.671443023699
"new jersey","1998",1437.109,319946.2,3109.411,8.287418,375.196593197061
"new mexico","1998",296.742,50682.3,642.048,1.793484,357.989254434386
"new york","1998",3386.417,745223.7,7327.041,18.755906,390.65246968075
"north carolina","1998",1333.805,245907.3,2885.896,7.809121,369.554524766616
"north dakota","1998",154.309,16792.7,333.871,0.647532,515.605406373739
"ohio","1998",1498.872,361629.1,3243.044,11.311536,286.70235412768
"oklahoma","1998",577.908,81209.1,1250.394,3.405194,367.201986142346
"oregon","1998",467.08,105111.5,1010.6,3.352449,301.451267416745
"pennsylvania","1998",1463.898,372738.5,3167.371,12.245672,258.652281393785
"rhode island","1998",172.559,30719.9,373.358,1.031155,362.077476228113
"south carolina","1998",461,103642.6,997.445,3.919235,254.499921540811
"south dakota","1998",217.164,20184.7,469.869,0.746058,629.80224057647
"tennessee","1998",920.739,167308.4,1992.163,5.570045,357.656535988488
"texas","1998",3181.604,645696.9,6883.897,20.157531,341.504969036138
"utah","1998",372.091,62291.4,805.078,2.16596,371.695691517849
"vermont","1998",87.082,16073.1,188.416,0.600416,313.809092362629
"virginia","1998",1227.031,233095.5,2654.874,6.900918,384.713164248583
"washington","1998",1240.483,210205,2683.978,5.769562,465.196144872002
"west virginia","1998",412.311,40086.1,892.099,1.815609,491.349734441722
"wisconsin","1998",1107.355,162523,2395.934,5.297672,452.261672674337
"wyoming","1998",215.056,14928.2,465.307,0.490787,948.083384441723
"alabama","1999",716.324,115030.9,1496.583,4.430141,337.818367406365
"alaska","1999",349.313,24732.6,729.804,0.624779,1168.09943996197
"arizona","1999",788.654,155344.5,1647.698,5.023823,327.976921161434
"arkansas","1999",558.214,66816.7,1166.251,2.65186,439.786036970277
"california","1999",3651.569,1247093,7629.059,33.499204,227.738515816674
"colorado","1999",895.874,164226.8,1871.709,4.226018,442.901331702799
"connecticut","1999",559.713,152338.1,1169.383,3.386401,345.317344283799
"delaware","1999",248.774,40363.6,519.753,0.77499,670.657685905625
"district of columbia","1999",64.313,58832.1,134.366,0.570213,235.641768953005
"florida","1999",3336.968,458318.6,6971.777,15.759421,442.387889758133
"georgia","1999",1695.659,288994.3,3542.664,8.045965,440.303183024037
"hawaii","1999",231.692,39250.4,484.065,1.2103,399.954556721474
"idaho","1999",275.344,34138.2,575.264,1.275674,450.949066924622
"illinois","1999",2385.853,459322.1,4984.656,12.35902,403.321298937942
"indiana","1999",816.234,193100.6,1705.32,6.044969,282.105665058001
"iowa","1999",818.109,87662.3,1709.238,2.917634,585.830162385001
"kansas","1999",762.996,81853,1594.093,2.678338,595.17992127954
"kentucky","1999",861.046,115258.5,1798.945,4.018053,447.715597579226
"louisiana","1999",719.055,125989.9,1502.288,4.460811,336.774635822948
"maine","1999",197.829,34382.1,413.315,1.266808,326.264911494086
"maryland","1999",716.154,180207,1496.228,5.254509,284.751248879772
"massachusetts","1999",1796.748,264779.4,3753.865,6.317345,594.215607980884
"michigan","1999",945.145,337561.2,1974.648,9.897116,199.517516011735
"minnesota","1999",1279.726,174650,2673.675,4.873481,548.617097306833
"mississippi","1999",566.342,63827.2,1183.233,2.828408,418.338867659828
"missouri","1999",1037.669,177360.5,2167.955,5.561948,389.783399629051
"montana","1999",274.598,20829.9,573.704,0.897507,639.21952697862
"nebraska","1999",476.58,53689.3,995.698,1.704764,584.067941369011
"nevada","1999",559.93,71534.9,1169.836,1.934718,604.65452846358
"new hampshire","1999",132.533,41880,276.894,1.222014,226.588238759949
"new jersey","1999",1502.647,336649.9,3139.413,8.359592,375.546198905401
"new mexico","1999",330.429,53092.8,690.351,1.808082,381.813988524857
"new york","1999",3537.754,793721.1,7391.269,18.882725,391.430209358024
"north carolina","1999",1449.946,264063.5,3029.306,7.949361,381.075409709032
"north dakota","1999",173.62,16983.7,362.737,0.644259,563.029775292235
"ohio","1999",1647.054,376034.8,3441.115,11.335454,303.570990628165
"oklahoma","1999",645.978,84062.9,1349.612,3.437147,392.654722070368
"oregon","1999",476.946,107546.3,996.463,3.393941,293.600566421161
"pennsylvania","1999",1705.712,389715.7,3563.668,12.263805,290.58420286363
"rhode island","1999",181.726,32295.5,379.673,1.040402,364.929133161989
"south carolina","1999",565.822,110251.8,1182.146,3.974682,297.419013646878
"south dakota","1999",241.551,21050.8,504.661,0.750412,672.511900129529
"tennessee","1999",959.925,175819.8,2005.528,5.638706,355.671673607384
"texas","1999",3456.758,681335.4,7222.049,20.55822,351.297388587144
"utah","1999",422.124,66022.6,881.926,2.203482,400.241980646994
"vermont","1999",97.649,17159.3,204.013,0.604683,337.388350590309
"virginia","1999",1328.255,249798.3,2775.064,7.000174,396.42786022176
"washington","1999",1297.386,230554.9,2710.57,5.842564,463.935012094005
"west virginia","1999",440.582,41831,920.489,1.811799,508.052493681694
"wisconsin","1999",1237.952,172258.1,2586.398,5.332666,485.010311915278
"wyoming","1999",231.224,15710.9,483.087,0.49178,982.323396640774
"alabama","2000",798.747,119242.4,1589.559,4.452173,357.029926734653
"alaska","2000",381.296,26778.3,758.803,0.627963,1208.35622480942
"arizona","2000",851.33,164611.6,1694.202,5.160586,328.296437652623
"arkansas","2000",616.703,68770,1227.278,2.678588,458.180952053843
"california","2000",4074.961,1366561,8109.436,33.987977,238.597195708353
"colorado","2000",1043.875,180605.5,2077.379,4.326921,480.105599339577
"connecticut","2000",572.961,165898.7,1140.229,3.411777,334.20384743786
"delaware","2000",257.931,43389.4,513.3,0.786373,652.743672531992
"district of columbia","2000",59.307,61095.5,118.025,0.572046,206.320820353608
"florida","2000",3628.09,489488.1,7220.134,16.047515,449.922246528512
"georgia","2000",1827.005,307611.6,3635.857,8.227303,441.925744074334
"hawaii","2000",229.764,41500.2,457.245,1.213519,376.792617173691
"idaho","2000",286.99,37992.8,571.129,1.29943,439.522713805284
"illinois","2000",2632.812,487212.7,5239.467,12.434161,421.37680218231
"indiana","2000",857.513,203052.9,1706.506,6.091866,280.12861740557
"iowa","2000",859.794,93028.6,1711.046,2.929067,584.160758357525
"kansas","2000",776.557,85853.2,1545.398,2.693681,573.712328965456
"kentucky","2000",936.228,114293.2,1863.155,4.049021,460.14950280574
"louisiana","2000",748.007,132809.9,1488.583,4.471885,332.875957230564
"maine","2000",208.079,36841,414.091,1.277072,324.250316348648
"maryland","2000",784.811,192106.3,1561.826,5.311034,294.071926483619
"massachusetts","2000",1944.445,289926.5,3869.571,6.361104,608.317518468492
"michigan","2000",988.792,351572.7,1967.761,9.95245,197.716240724646
"minnesota","2000",1338.816,189964.8,2664.331,4.933692,540.027833111593
"mississippi","2000",579.911,65645.9,1154.061,2.848353,405.167828566192
"missouri","2000",1110.41,187296.8,2209.788,5.607285,394.092328105313
"montana","2000",292.176,21885.2,581.449,0.903773,643.357347475527
"nebraska","2000",500.404,56503.7,995.836,1.71382,581.062188561226
"nevada","2000",598.182,76627.1,1190.421,2.018741,589.684858037757
"new hampshire","2000",146.684,45225.5,291.912,1.239882,235.435307553461
"new jersey","2000",1553.964,362006.9,3092.49,8.430621,366.816394664165
"new mexico","2000",364.293,55232.9,724.966,1.821204,398.069628663236
"new york","2000",3655.104,838660.3,7273.894,19.00178,382.8006639378
"north carolina","2000",1561.431,275694.2,3107.348,8.081614,384.495968255846
"north dakota","2000",193.3,17976.1,384.68,0.642023,599.168565612135
"ohio","2000",1792.733,391137.8,3567.655,11.363543,313.956219464299
"oklahoma","2000",714.772,90792.7,1422.443,3.454365,411.781325945579
"oregon","2000",480.426,117258.3,956.079,3.429708,278.763964745687
"pennsylvania","2000",1960.078,407652.8,3900.682,12.284173,317.537208243485
"rhode island","2000",189.387,34516.4,376.892,1.050268,358.85316890546
"south carolina","2000",679.025,115246.8,1351.303,4.024223,335.792275925067
"south dakota","2000",266.025,22690.7,529.407,0.755844,700.418340292441
"tennessee","2000",989.567,181629.5,1969.303,5.703719,345.266483148977
"texas","2000",3720.517,738871,7404.071,20.944499,353.509100408656
"utah","2000",473.582,70291.8,942.459,2.244502,419.89670759928
"vermont","2000",108.373,18311.9,215.668,0.609618,353.775643107651
"virginia","2000",1424.328,266886.4,2834.506,7.105817,398.899380606058
"washington","2000",1342.066,237831.8,2670.797,5.910512,451.872358942846
"west virginia","2000",466.236,42606.9,927.84,1.807021,513.463872306963
"wisconsin","2000",1369.963,180539,2726.315,5.373999,507.315874081852
"wyoming","2000",246.247,17205.4,490.048,0.4943,991.397936475824
"alabama","2001",896.854,122449.3,1722.658,4.467634,385.586196183483
"alaska","2001",419.514,28420.4,805.794,0.633714,1271.5420520929
"arizona","2001",926.447,171474.2,1779.499,5.273477,337.443208721684
"arkansas","2001",686.426,70601.4,1318.471,2.691571,489.851837458495
"california","2001",4578.856,1384111.2,8794.964,34.479458,255.078371591572
"colorado","2001",1219.214,187571.9,2341.839,4.425687,529.147000228439
"connecticut","2001",589.668,173127.2,1132.621,3.432835,329.937500637228
"delaware","2001",269.188,46448.3,517.05,0.795699,649.806019612944
"district of columbia","2001",53.576,65565.9,102.907,0.574504,179.123208889755
"florida","2001",3976.31,516689.6,7637.606,16.356966,466.932926314085
"georgia","2001",1984.512,318753,3811.806,8.377038,455.030286361361
"hawaii","2001",227.993,42894.3,437.924,1.225948,357.212540825549
"idaho","2001",301.22,37384.1,578.577,1.319962,438.328527639432
"illinois","2001",2927.268,502260.3,5622.631,12.488445,450.226669533317
"indiana","2001",907.612,204581.1,1743.321,6.12776,284.495639515908
"iowa","2001",910.373,94770.8,1748.623,2.931997,596.393175027123
"kansas","2001",794.06,88380.4,1525.212,2.702162,564.44136213891
"kentucky","2001",1026.155,117430.8,1971.015,4.068132,484.501240372731
"louisiana","2001",783.455,137845.1,1504.843,4.477875,336.061859699076
"maine","2001",220.51,38500.8,423.55,1.285692,329.433487958236
"maryland","2001",866.785,205449.8,1664.902,5.374691,309.767017303879
"massachusetts","2001",2121.328,296834.1,4074.599,6.397634,636.891544592892
"michigan","2001",1041.94,348529,2001.334,9.99112,200.311276413455
"minnesota","2001",1410.767,194646.5,2709.769,4.982796,543.824993036038
"mississippi","2001",597.008,67028.6,1146.72,2.852994,401.935650758466
"missouri","2001",1197.849,191199,2300.801,5.641142,407.860855124725
"montana","2001",313.356,22851.7,601.888,0.906961,663.631622528422
"nebraska","2001",529.329,59467,1016.723,1.719836,591.174391046588
"nevada","2001",644.193,80426.6,1237.351,2.098399,589.664310743572
"new hampshire","2001",163.549,46629.7,314.142,1.255517,250.209276337955
"new jersey","2001",1617.276,373755.6,3106.428,8.492671,365.777503920734
"new mexico","2001",404.676,55986.2,777.293,1.83169,424.358379420098
"new york","2001",3800.098,877149.3,7299.143,19.082838,382.497771033847
"north carolina","2001",1695.145,288683.5,3255.996,8.210122,396.583144562285
"north dakota","2001",216.731,18919.6,416.292,0.639062,651.410974209075
"ohio","2001",1966.937,395622.5,3778.047,11.387404,331.774212981291
"oklahoma","2001",796.758,96767,1530.395,3.4671,441.404920538779
"oregon","2001",485.51,117274.7,932.557,3.467937,268.90828754963
"pennsylvania","2001",2261.779,424965.2,4344.374,12.29897,353.230717694246
"rhode island","2001",198.748,35992.1,381.75,1.057142,361.115157660939
"south carolina","2001",812.885,119301.4,1561.372,4.064995,384.1018254635
"south dakota","2001",295.217,23512.8,567.046,0.757972,748.109428844337
"tennessee","2001",1026.332,185774.7,1971.355,5.750789,342.797310073453
"texas","2001",4036.922,773006.7,7754.03,21.319622,363.703915575989
"utah","2001",534.779,73226,1027.191,2.283715,449.78948774256
"vermont","2001",121.146,19274.1,232.695,0.612223,380.082094269572
"virginia","2001",1539.724,284001.9,2957.467,7.198362,410.852774561768
"washington","2001",1397.166,239425.7,2683.644,5.985722,448.340901899554
"west virginia","2001",497.231,43977.6,955.07,1.801481,530.158242024201
"wisconsin","2001",1527.285,187939.3,2933.574,5.406835,542.567694409021
"wyoming","2001",264.341,18660.7,507.74,0.494657,1026.44863006083
"alabama","2002",953.214,127792.3,1782.095,4.480089,397.781160151059
"alaska","2002",437.304,29605.3,817.567,0.642337,1272.80072609861
"arizona","2002",955.357,179413.3,1786.101,5.396255,330.988991439434
"arkansas","2002",723.566,73950.4,1352.753,2.705927,499.92220780531
"california","2002",4869.965,1436430.9,9104.712,34.871843,261.090645538866
"colorado","2002",1342.732,190962.8,2510.324,4.490406,559.041654585354
"connecticut","2002",573.309,176208.2,1071.837,3.458749,309.891524363289
"delaware","2002",265.776,45757.9,496.885,0.806169,616.353394883703
"district of columbia","2002",43.988,70054.7,82.239,0.573158,143.483995687053
"florida","2002",4129.24,548540.3,7719.88,16.68937,462.562697094019
"georgia","2002",2042.64,326929.6,3818.847,8.508256,448.840161838102
"hawaii","2002",212.47,45447.1,397.225,1.239613,320.442751084411
"idaho","2002",299.228,38715.3,559.426,1.340372,417.366223705061
"illinois","2002",3082.435,514063.8,5762.811,12.525556,460.084246958778
"indiana","2002",909.682,212430.3,1700.709,6.155967,276.269999498048
"iowa","2002",912.815,98976.1,1706.566,2.934234,581.605284377456
"kansas","2002",766.448,90949.3,1432.923,2.713535,528.065051676135
"kentucky","2002",1065.69,122193.1,1992.376,4.089875,487.148384730585
"louisiana","2002",776.528,139537.9,1451.769,4.497267,322.811387449311
"maine","2002",221.301,40183.7,413.737,1.29596,319.251365782895
"maryland","2002",906.902,218299.3,1695.511,5.440389,311.652530728961
"massachusetts","2002",2192.982,303967.1,4099.92,6.417206,638.894871070058
"michigan","2002",1039.436,362271.1,1943.293,10.01571,194.02448753009
"minnesota","2002",1407.366,202766,2631.162,5.018935,524.247076321969
"mississippi","2002",580.649,68865.8,1085.561,2.858681,379.741915939554
"missouri","2002",1224.405,196597.6,2289.103,5.674825,403.378606388743
"montana","2002",318.411,23880.5,595.29,0.911667,652.968682643992
"nebraska","2002",530.209,61604.4,991.259,1.728292,573.548335582182
"nevada","2002",657.343,84733.5,1228.945,2.173791,565.34643854906
"new hampshire","2002",172.68,48678.5,322.837,1.269089,254.384838257995
"new jersey","2002",1591.954,388337.7,2976.261,8.552643,347.993129141483
"new mexico","2002",425.766,58055.5,795.996,1.855309,429.036888194904
"new york","2002",3736.386,886792.7,6985.413,19.1378,365.006061302762
"north carolina","2002",1743.873,298110,3260.283,8.326201,391.56909615802
"north dakota","2002",230.04,20209,430.075,0.638168,673.921287184566
"ohio","2002",2044.767,411967,3822.823,11.407889,335.103453408426
"oklahoma","2002",841.048,99163,1572.393,3.48908,450.661205819299
"oregon","2002",462.35,121229.5,864.392,3.513424,246.025529511952
"pennsylvania","2002",2464.576,436985.5,4607.684,12.331031,373.665754307162
"rhode island","2002",197.402,38132.1,369.057,1.065995,346.2089409425
"south carolina","2002",914.189,124160.1,1709.135,4.107795,416.071152528303
"south dakota","2002",310.302,26337.5,580.13,0.76002,763.30886029315
"tennessee","2002",1006.448,195289.2,1881.619,5.795918,324.645552266267
"texas","2002",4150.698,787257.8,7759.998,21.690325,357.763104056763
"utah","2002",571.398,75998.8,1068.266,2.324815,459.505810139732
"vermont","2002",128.224,20163.3,239.724,0.615442,389.515177709679
"virginia","2002",1577.213,293275.9,2948.701,7.286873,404.659309967389
"washington","2002",1375.742,248189.1,2572.038,6.052349,424.965249029757
"west virginia","2002",502.33,45433.7,939.138,1.805414,520.178751244867
"wisconsin","2002",1612.367,194813.1,3014.423,5.445162,553.596568844049
"wyoming","2002",268.858,19115.6,502.646,0.500017,1005.25782123408
"alabama","2003",925.866,133739.2,1700,4.503491,377.484933355035
"alaska","2003",462.626,31799.7,849.436,0.648414,1310.02106678758
"arizona","2003",989.286,192751.2,1816.447,5.510364,329.641925651373
"arkansas","2003",669.591,78218.8,1229.449,2.724816,451.204411600637
"california","2003",4747.842,1527294,8717.602,35.253159,247.285697148446
"colorado","2003",1254.683,196483.7,2303.747,4.528732,508.695811542834
"connecticut","2003",542.286,181339.7,995.702,3.484336,285.7652074886
"delaware","2003",264.731,47761.6,486.078,0.818003,594.225204553039
"district of columbia","2003",61.811,74090.3,113.493,0.568502,199.635181582475
"florida","2003",4124.591,583725.7,7573.238,17.004085,445.377566625902
"georgia","2003",1926.98,340410.6,3538.163,8.622793,410.326793186384
"hawaii","2003",209.879,48929.1,385.363,1.251154,308.006048815733
"idaho","2003",302.086,40341.8,554.666,1.36338,406.831550998254
"illinois","2003",3008.369,529455.4,5523.723,12.556006,439.926756963958
"indiana","2003",944.737,223495.3,1734.649,6.196638,279.933893185305
"iowa","2003",877.865,105073.5,1611.864,2.941999,547.88053972826
"kansas","2003",748.811,94603.5,1374.905,2.723004,504.92213746289
"kentucky","2003",1019.788,126970.6,1872.452,4.11717,454.791033646898
"louisiana","2003",902.395,154361.6,1656.904,4.521042,366.487194766162
"maine","2003",211.305,41838.5,387.98,1.306513,296.958392300727
"maryland","2003",916.303,228690,1682.441,5.496269,306.106014825694
"massachusetts","2003",1969.83,315299.8,3616.842,6.422565,563.146032776624
"michigan","2003",1018.897,373839.3,1870.816,10.041152,186.314877018095
"minnesota","2003",1386.314,215155.9,2545.437,5.053572,503.690656826498
"mississippi","2003",566.424,73332.2,1040.022,2.868312,362.590262147214
"missouri","2003",1198.86,204009.5,2201.249,5.709403,385.548016141092
"montana","2003",321.749,25637.6,590.769,0.91963,642.398573339278
"nebraska","2003",521.823,66415.6,958.13,1.738643,551.079203723824
"nevada","2003",654.56,90778.8,1201.85,2.24885,534.428708006314
"new hampshire","2003",169.573,51378.4,311.357,1.27984,243.278066008251
"new jersey","2003",1545.254,405198.5,2837.269,8.601402,329.861224949142
"new mexico","2003",446.791,62895.9,820.361,1.877574,436.926054578941
"new york","2003",3703.464,905280.6,6800,19.175939,354.611057116942
"north carolina","2003",1652.747,309318.2,3034.64,8.422501,360.301530388658
"north dakota","2003",234.243,22077.4,430.098,0.638817,673.272627372158
"ohio","2003",1974.668,424915.5,3625.725,11.434788,317.078462670231
"oklahoma","2003",840.547,105243.3,1543.344,3.504892,440.339959119996
"oregon","2003",474.873,127211.6,871.924,3.547376,245.794074267853
"pennsylvania","2003",2577.725,455106.8,4733.008,12.374658,382.47586317133
"rhode island","2003",175.734,40272.8,322.668,1.071342,301.181135435743
"south carolina","2003",832.609,130337.4,1528.77,4.150297,368.351951679603
"south dakota","2003",304.5,27445,559.098,0.763729,732.063336602381
"tennessee","2003",1014.783,203833.7,1863.261,5.847812,318.625325164352
"texas","2003",4141.904,829764.4,7605.027,22.030931,345.197713160647
"utah","2003",589.18,79149.1,1081.805,2.360137,458.365340656072
"vermont","2003",125.745,21130.1,230.883,0.617858,373.682949804
"virginia","2003",1465.334,309981.2,2690.527,7.366977,365.214524220722
"washington","2003",1434.7,258262.8,2634.279,6.104115,431.557891684544
"west virginia","2003",502.913,46667.9,923.408,1.812295,509.524111692633
"wisconsin","2003",1555.356,203134.7,2855.819,5.479203,521.210657827425
"wyoming","2003",270.067,21027.5,495.875,0.503453,984.947949461022
"alabama","2004",958.726,146524.7,1678.225,4.530729,370.409485978967
"alaska","2004",519.253,34970.7,908.939,0.659286,1378.6717752235
"arizona","2004",1089.525,205420.8,1907.185,5.652404,337.411303226026
"arkansas","2004",658.088,84624.5,1151.966,2.749686,418.944563124662
"california","2004",4935.03,1632216.9,8638.644,35.574576,242.831959543242
"colorado","2004",1246.626,203980.2,2182.187,4.575013,476.979409675994
"connecticut","2004",546.058,198662.4,955.86,3.496094,273.407980449038
"delaware","2004",281.114,51449.4,492.082,0.830803,592.296850155813
"district of columbia","2004",84.27,80471.3,147.512,0.567754,259.816751621301
"florida","2004",4391.824,635525.5,7687.776,17.415318,441.437589597847
"georgia","2004",1934.787,364255.2,3386.795,8.769252,386.212529871419
"hawaii","2004",221.05,53761.8,386.942,1.273569,303.824920361598
"idaho","2004",324.957,43739,568.83,1.391802,408.700375484444
"illinois","2004",3130.395,558748.4,5479.676,12.589773,435.248197088224
"indiana","2004",1043.198,236935.8,1826.092,6.233007,292.971273736737
"iowa","2004",899.718,116652.5,1574.933,2.953635,533.218559503798
"kansas","2004",780.007,97676.4,1365.383,2.734373,499.340433803289
"kentucky","2004",1039.707,134194.1,1819.98,4.146101,438.961810144037
"louisiana","2004",1091.719,169873.2,1911.026,4.552238,419.79922842347
"maine","2004",214.931,44526.3,376.231,1.313688,286.392963930553
"maryland","2004",986.432,246762,1726.724,5.546935,311.293353897242
"massachusetts","2004",1869.606,330669.9,3272.697,6.412281,510.379535768941
"michigan","2004",1064.914,381228.9,1864.104,10.055315,185.384943186762
"minnesota","2004",1456.034,230282,2548.75,5.087713,500.961827052745
"mississippi","2004",589.11,77214.4,1031.222,2.88901,356.946497243
"missouri","2004",1251.583,214218.1,2190.865,5.747741,381.169749993954
"montana","2004",346.412,27939.2,606.385,0.930009,652.020571843928
"nebraska","2004",547.591,70288.8,958.545,1.74937,547.937257412668
"nevada","2004",694.861,104420.6,1216.336,2.346222,518.423235311918
"new hampshire","2004",177.553,54126.7,310.801,1.290121,240.908410916495
"new jersey","2004",1599.005,422889.1,2799.017,8.634561,324.164366897171
"new mexico","2004",497.942,69740.7,871.634,1.903808,457.837134837126
"new york","2004",3913.766,955192,6850.948,19.171567,357.349401851189
"north carolina","2004",1667.771,328037.6,2919.39,8.553152,341.323292278683
"north dakota","2004",254.027,23167.8,444.668,0.644705,689.723206737965
"ohio","2004",2032.609,445541.1,3558.031,11.452251,310.683986929731
"oklahoma","2004",895.467,113148.7,1567.493,3.525233,444.649474233334
"oregon","2004",519.109,136238.5,908.687,3.569463,254.572466502664
"pennsylvania","2004",2864.425,481738.9,5014.104,12.410722,404.013884123744
"rhode island","2004",164.977,43245.6,288.788,1.074579,268.745248139039
"south carolina","2004",803.388,135160.1,1406.31,4.210921,333.967319738366
"south dakota","2004",318.599,29628.9,557.699,0.770396,723.912117923769
"tennessee","2004",1090.307,218020.6,1908.554,5.910809,322.892179395409
"texas","2004",4406.005,906321,7712.599,22.394023,344.404352893627
"utah","2004",646.378,85701.9,1131.468,2.40158,471.134836232813
"vermont","2004",131.481,22666,230.155,0.61992,371.265647180281
"virginia","2004",1446.594,332250.6,2532.225,7.475575,338.733140928959
"washington","2004",1590.127,270115.2,2783.476,6.178645,450.499421798792
"west virginia","2004",536.683,49271.7,939.45,1.816438,517.193540324525
"wisconsin","2004",1599.141,215138.9,2799.255,5.514026,507.660827134294
"wyoming","2004",289.127,23186.7,506.109,0.509106,994.113210215554
"alabama","2005",1037.26,155970.4,1608.145,4.569805,351.90670061414
"alaska","2005",606.408,39774.8,940.162,0.666946,1409.65235566298
"arizona","2005",1251.049,228231.2,1939.598,5.839077,332.175444851986
"arkansas","2005",672.857,89610,1043.183,2.781097,375.097668294202
"california","2005",5360.019,1753866.2,8310.053,35.827943,231.943346566115
"colorado","2005",1290.387,219907.9,2000.587,4.631888,431.916099871154
"connecticut","2005",573.615,208766.2,889.32,3.506956,253.587441644549
"delaware","2005",311.895,52154.1,483.555,0.84515,572.152872271194
"district of columbia","2005",113.661,85304.9,176.217,0.567136,310.7138323083
"florida","2005",4885.695,696741.1,7574.671,17.842038,424.540683076675
"georgia","2005",2026.045,386785,3141.135,8.925922,351.911544824165
"hawaii","2005",243.288,58667.9,377.188,1.292729,291.776544039779
"idaho","2005",365.06,47962.9,565.98,1.428241,396.277659022532
"illinois","2005",3403.754,586693.9,5277.103,12.609903,418.488786154818
"indiana","2005",1200.71,243738.3,1861.553,6.278616,296.490978266548
"iowa","2005",963.095,122224,1493.16,2.964454,503.688031590303
"kansas","2005",849.03,103936.6,1316.317,2.745299,479.480377182959
"kentucky","2005",1106.815,142649,1715.98,4.182742,410.252413369029
"louisiana","2005",1355.707,197566.5,2101.858,4.576628,459.259087695133
"maine","2005",228.239,45874.8,353.857,1.318787,268.320054716948
"maryland","2005",1108.972,265929.5,1719.324,5.592379,307.440536487245
"massachusetts","2005",1833.95,345586,2843.315,6.40329,444.03970458936
"michigan","2005",1163.083,394229,1803.218,10.051137,179.4043798229
"minnesota","2005",1598.076,242862.7,2477.62,5.119598,483.948153741759
"mississippi","2005",640.235,80995.7,992.605,2.905943,341.577587722815
"missouri","2005",1365.4,223497.1,2116.885,5.7903,365.591592836295
"montana","2005",389.485,30529.7,603.849,0.940102,642.322854328573
"nebraska","2005",600.491,73959,930.988,1.761497,528.520911474729
"nevada","2005",770.723,117856.1,1194.912,2.432143,491.300059248161
"new hampshire","2005",194.273,56352.1,301.197,1.298492,231.959072524128
"new jersey","2005",1728.777,440773.8,2680.257,8.651974,309.785604996039
"new mexico","2005",577.898,73684.2,895.96,1.932274,463.681651774024
"new york","2005",4321.883,1015046.3,6700.55,19.13261,350.216201553264
"north carolina","2005",1755.966,352394.5,2722.409,8.705407,312.726217165952
"north dakota","2005",287.565,24417.3,445.834,0.646089,690.050441966974
"ohio","2005",2185.638,465809.3,3388.564,11.46332,295.600576447312
"oklahoma","2005",996.662,124563.3,1545.202,3.548597,435.440259911171
"oregon","2005",592.018,143662.6,917.852,3.613202,254.027314276921
"pennsylvania","2005",3315.705,505584.6,5140.594,12.44999,412.899448112007
"rhode island","2005",159.633,45162.4,247.491,1.067916,231.75137370355
"south carolina","2005",803.977,142616.6,1246.467,4.27015,291.902392187628
"south dakota","2005",348.35,30659.4,540.073,0.775493,696.425370699671
"tennessee","2005",1223.464,228099.4,1896.831,5.991057,316.610407812845
"texas","2005",4896.878,986401.3,7592.009,22.778123,333.30266062748
"utah","2005",739.595,94194.9,1146.652,2.457719,466.551302244073
"vermont","2005",143.665,23509.3,222.735,0.621215,358.547362829294
"virginia","2005",1486.583,360299.8,2304.765,7.577105,304.17487945594
"washington","2005",1836.36,296100.7,2847.051,6.257305,454.996360254135
"west virginia","2005",598.315,53259,927.614,1.820492,509.540278122617
"wisconsin","2005",1717.466,225697.9,2662.721,5.546166,480.101208654772
"wyoming","2005",323.325,27177.6,501.275,0.514157,974.945396056068
"alabama","2006",1117.145,163853.6,1564.023,4.628981,337.876305821951
"alaska","2006",702.42,44435.3,983.401,0.675302,1456.23883832715
"arizona","2006",1427.269,248230.7,1998.201,6.029141,331.423829696469
"arkansas","2006",681.427,94384.5,954.01,2.821761,338.090291842576
"california","2006",5795.737,1874737.3,8114.134,36.021202,225.259945517643
"colorado","2006",1325.278,231205.9,1855.412,4.720423,393.060537159488
"connecticut","2006",598.815,222889.1,838.352,3.51746,238.340165915177
"delaware","2006",344.484,55067.4,482.284,0.859268,561.273083601391
"district of columbia","2006",147.266,88517.2,206.175,0.570681,361.278893111914
"florida","2006",5410.173,744464.2,7574.337,18.16699,416.928561087995
"georgia","2006",2107.788,402144.6,2950.94,9.155813,322.302344969256
"hawaii","2006",266.589,62365,373.229,1.309731,284.966149537577
"idaho","2006",408.075,50976.3,571.312,1.468669,388.999835905844
"illinois","2006",3684.606,621859.9,5158.513,12.643955,407.982549763899
"indiana","2006",1372.812,255054.6,1921.961,6.332669,303.499361801477
"iowa","2006",1025.86,126884.2,1436.222,2.982644,481.526457733474
"kansas","2006",920.086,112650.3,1288.137,2.762931,466.221197706349
"kentucky","2006",1172.099,151006.8,1640.959,4.219239,388.922978764654
"louisiana","2006",1653.019,205799.5,2314.256,4.302665,537.865718107266
"maine","2006",241.067,47921.1,337.498,1.323619,254.981229492777
"maryland","2006",1240.501,279468.3,1736.723,5.627367,308.620887885933
"massachusetts","2006",1766.549,361266,2473.2,6.410084,385.82957727231
"michigan","2006",1264.745,395451,1770.665,10.036081,176.429923194123
"minnesota","2006",1746.315,249735,2444.872,5.163555,473.486193136318
"mississippi","2006",692.711,85869,969.808,2.904978,333.843492102178
"missouri","2006",1483.035,231771.5,2076.276,5.842704,355.362174773872
"montana","2006",435.723,32933.3,610.02,0.952692,640.311874141905
"nebraska","2006",655.627,78150,917.889,1.772693,517.793549136822
"nevada","2006",851.014,127575.7,1191.435,2.522658,472.293509465017
"new hampshire","2006",211.64,59411.6,296.3,1.308389,226.461702139043
"new jersey","2006",1860.582,464458.9,2604.847,8.661679,300.732340692838
"new mexico","2006",665.688,77426.1,931.975,1.962137,474.979575840015
"new york","2006",4751.45,1071393.1,6652.114,19.104631,348.19379657215
"north carolina","2006",1837.693,383522.3,2572.802,8.91727,288.519019834546
"north dakota","2006",323.779,26120,453.296,0.649422,697.999143854073
"ohio","2006",2339.078,477180.4,3274.75,11.481213,285.226830997735
"oklahoma","2006",1104.187,137083.6,1545.882,3.59409,430.117776683389
"oregon","2006",671.193,155153.3,939.681,3.670883,255.982280012738
"pennsylvania","2006",3810.469,526396.3,5334.723,12.510809,426.409115509636
"rhode island","2006",151.087,47711.8,211.524,1.063096,198.969801410221
"south carolina","2006",793.821,150659.1,1111.364,4.357847,255.0259336778
"south dakota","2006",379.215,31898.6,530.907,0.783033,678.013570309297
"tennessee","2006",1366.141,240193.9,1912.622,6.088766,314.123091608382
"texas","2006",5417.622,1085294.9,7584.767,23.35958,324.696206010553
"utah","2006",841.056,106124.2,1177.493,2.525507,466.240244038128
"vermont","2006",156.291,24309.8,218.81,0.622892,351.280799881841
"virginia","2006",1514.314,379129.4,2120.067,7.673725,276.276124046666
"washington","2006",2105.952,317167.2,2948.37,6.370753,462.797725794737
"west virginia","2006",663.92,56530,929.499,1.827912,508.503144571511
"wisconsin","2006",1835.738,235708.6,2570.066,5.577655,460.778947425038
"wyoming","2006",359.845,32405.1,503.789,0.522667,963.881400585841
"alabama","2007",1163.469,169678.4,1433.889,4.67284,306.856001917463
"alaska","2007",784.256,48972.6,966.537,0.6803,1420.75113920329
"arizona","2007",1571.829,262322,1937.163,6.167681,314.082878151448
"arkansas","2007",663.45,96948.2,817.654,2.84865,287.032102925947
"california","2007",6060.554,1955856,7469.186,36.250311,206.044742623036
"colorado","2007",1311.296,246043.5,1616.075,4.803868,336.411200307752
"connecticut","2007",603.36,237542.7,743.596,3.52727,210.813461969172
"delaware","2007",367.928,56278.5,453.444,0.871749,520.154310472395
"district of columbia","2007",179.937,93970,221.759,0.574404,386.067993955474
"florida","2007",5792.933,768661,7139.362,18.367842,388.688121337281
"georgia","2007",2115.771,415131.9,2607.531,9.349988,278.880678777342
"hawaii","2007",282.523,65233.5,348.188,1.315675,264.645904193665
"idaho","2007",440.924,53852.1,543.406,1.505105,361.041920663342
"illinois","2007",3857.391,647862.1,4753.949,12.695866,374.44858034891
"indiana","2007",1514.857,269053.6,1866.949,6.379599,292.643628541543
"iowa","2007",1056.203,136977,1301.692,2.999212,434.011333643637
"kansas","2007",964.296,122453.3,1188.424,2.783785,426.909405719192
"kentucky","2007",1199.366,154531.7,1478.131,4.256672,347.250387156915
"louisiana","2007",1927.766,206641.1,2375.829,4.375581,542.974521554966
"maine","2007",245.986,49148.6,303.16,1.32704,228.448275862069
"maryland","2007",1341.241,287872.8,1652.98,5.653408,292.386468480605
"massachusetts","2007",1616.769,379877.2,1992.548,6.431559,309.807933037697
"michigan","2007",1330.108,403735.8,1639.26,10.001284,163.904954603829
"minnesota","2007",1845.626,258827.2,2274.597,5.207203,436.817423864597
"mississippi","2007",724.822,91057.6,893.29,2.92835,305.04891833285
"missouri","2007",1557.87,240158.8,1919.959,5.887612,326.101482230826
"montana","2007",471.152,36074.1,580.659,0.964706,601.90254854847
"nebraska","2007",692.315,83122.8,853.227,1.78344,478.416431166734
"nevada","2007",908.679,131599.8,1119.879,2.601072,430.545175220063
"new hampshire","2007",222.987,60732.7,274.815,1.31254,209.376476145489
"new jersey","2007",1936.302,480539,2386.349,8.677885,274.992005540521
"new mexico","2007",739.559,80572.8,911.452,1.99007,457.999969850307
"new york","2007",5051.856,1108896,6226.04,19.132335,325.419767111542
"north carolina","2007",1856.695,396347.6,2288.24,9.118037,250.957525177843
"north dakota","2007",352.241,28679.7,434.111,0.652822,664.97605779217
"ohio","2007",2420.154,490965,2982.661,11.500468,259.351271617816
"oklahoma","2007",1182.862,144893.3,1457.79,3.634349,401.114477448368
"oregon","2007",734.919,161512,905.734,3.722417,243.318789915262
"pennsylvania","2007",4224.383,560753.4,5206.24,12.563937,414.379664590805
"rhode island","2007",135.074,47845.6,166.469,1.057315,157.445037666164
"south carolina","2007",749.694,159362.5,923.942,4.44411,207.902594670249
"south dakota","2007",399.254,34701.6,492.051,0.791623,621.572389887611
"tennessee","2007",1474.582,244252.4,1817.313,6.175727,294.26705552237
"texas","2007",5795.779,1178583.1,7142.869,23.831983,299.717778415669
"utah","2007",923.5,114652.7,1138.145,2.597746,438.127900110326
"vermont","2007",164.441,24696.8,202.662,0.623481,325.049199574646
"virginia","2007",1484.365,392917.3,1829.371,7.751,236.01741710747
"washington","2007",2330.279,346442.8,2871.896,6.461587,444.456756521269
"west virginia","2007",712.321,58635.8,877.883,1.834052,478.657638932811
"wisconsin","2007",1896.893,243766.7,2337.781,5.610775,416.659195922132
"wyoming","2007",387.186,36602.5,477.178,0.534876,892.12826898197
"alabama","2008",1170.379,172686.8,1328.456,4.718206,281.55955886623
"alaska","2008",843.354,54752.4,957.262,0.687455,1392.47223454626
"arizona","2008",1669.346,259366.7,1894.816,6.280362,301.704901723818
"arkansas","2008",619.64,98955.3,703.331,2.874554,244.674826077367
"california","2008",6121.849,1990678.2,6948.694,36.604337,189.832532685949
"colorado","2008",1247.884,255566.8,1416.429,4.88973,289.674276493794
"connecticut","2008",585.991,240910.9,665.138,3.545579,187.596440524947
"delaware","2008",379.573,54787.5,430.84,0.883874,487.44504307175
"district of columbia","2008",208.443,99478.5,236.596,0.580236,407.758222516355
"florida","2008",5990.967,750501.6,6800.135,18.527305,367.033143784269
"georgia","2008",2046.311,412911.9,2322.695,9.504843,244.36963345949
"hawaii","2008",289.24,66864.7,328.306,1.332213,246.436568326536
"idaho","2008",459.993,55546,522.122,1.53432,340.295375149904
"illinois","2008",3900.959,646366.6,4427.841,12.747038,347.362344099076
"indiana","2008",1611.77,272845.6,1829.463,6.424806,284.749920853641
"iowa","2008",1049.88,136553.6,1191.682,3.016734,395.023890074498
"kansas","2008",976.28,127682.4,1108.141,2.808076,394.626427489854
"kentucky","2008",1184.455,158099,1344.433,4.289878,313.396558130558
"louisiana","2008",2152.193,215068.9,2442.878,4.435586,550.745267930776
"maine","2008",242.203,49973.8,274.916,1.330509,206.624682734202
"maryland","2008",1400.128,296435.4,1589.236,5.684965,279.550709634976
"massachusetts","2008",1396.014,388583.2,1584.567,6.468967,244.949000358172
"michigan","2008",1351.352,386053.9,1533.872,9.946889,154.206204573108
"minnesota","2008",1884.369,264688,2138.881,5.247018,407.637442829432
"mississippi","2008",732.625,96843.6,831.577,2.947806,282.100314606864
"missouri","2008",1580.9,250581.1,1794.424,5.923916,302.911790106409
"montana","2008",491.881,36862.5,558.317,0.976415,571.80297312106
"nebraska","2008",706.24,85200.6,801.628,1.796378,446.246836690273
"nevada","2008",937.188,129372.4,1063.769,2.65363,400.87314358068
"new hampshire","2008",226.966,60918.7,257.622,1.315906,195.775382132158
"new jersey","2008",1946.326,495121.8,2209.205,8.71109,253.608331448762
"new mexico","2008",791.739,83724.2,898.674,2.010662,446.954286697615
"new york","2008",5188.642,1099234.4,5889.444,19.212436,306.543324334301
"north carolina","2008",1808.645,413363.3,2052.929,9.309449,220.520999685373
"north dakota","2008",369.864,31722.1,419.819,0.657569,638.440984900444
"ohio","2008",2418.09,495742.6,2744.689,11.515391,238.349614007896
"oklahoma","2008",1223.857,159660,1389.157,3.668976,378.622536642377
"oregon","2008",776.358,165189.1,881.217,3.768748,233.822213636996
"pennsylvania","2008",4513.79,582240.2,5123.444,12.612285,406.226468875386
"rhode island","2008",112.867,47107.8,128.112,1.055003,121.432830048825
"south carolina","2008",674.572,161804.7,765.683,4.528996,169.062414716198
"south dakota","2008",406.082,36668.5,460.93,0.799124,576.794089528033
"tennessee","2008",1536.834,251609,1744.406,6.247411,279.220624351431
"texas","2008",5988.756,1237394.9,6797.626,24.309039,279.633678649329
"utah","2008",978.116,115985.4,1110.225,2.663029,416.903082917986
"vermont","2008",167.142,25678,189.717,0.624151,303.960099399024
"virginia","2008",1397.395,399032.1,1586.133,7.833496,202.480859120883
"washington","2008",2485.621,355677.8,2821.341,6.562231,429.936251863124
"west virginia","2008",738.109,62066.7,837.802,1.84031,455.250474104906
"wisconsin","2008",1892.703,244759.9,2148.34,5.640996,380.844092071684
"wyoming","2008",402.314,42540.4,456.652,0.546043,836.293112447188
"alabama","2009",1189.759,168348,1326.456,4.757938,278.787995976408
"alaska","2009",914.162,49585.9,1019.194,0.698895,1458.2934489444
"arizona","2009",1789.061,243929.4,1994.613,6.343154,314.451296626252
"arkansas","2009",580.042,97058.9,646.685,2.896843,223.237848927263
"california","2009",6249.635,1920061.8,6967.68,36.961229,188.513212047143
"colorado","2009",1194.206,248593.6,1331.413,4.972195,267.771678303043
"connecticut","2009",573.818,236393.2,639.746,3.561807,179.612763970647
"delaware","2009",395.737,56871.2,441.204,0.89173,494.773081538134
"district of columbia","2009",240.543,100894.6,268.18,0.592228,452.832355106479
"florida","2009",6261.019,724582.2,6980.372,18.652644,374.229626641671
"georgia","2009",1994.55,407024.5,2223.712,9.620846,231.134767150415
"hawaii","2009",299.291,65692,333.678,1.346717,247.771432305377
"idaho","2009",484.787,53775,540.486,1.554439,347.704863297949
"illinois","2009",3987.124,644690.1,4445.221,12.796778,347.370330250318
"indiana","2009",1730.254,261238.3,1929.05,6.459325,298.645756329028
"iowa","2009",1054.114,136251.2,1175.225,3.03287,387.49600213659
"kansas","2009",998.98,124340.7,1113.756,2.832704,393.177684643366
"kentucky","2009",1181.062,155779.7,1316.759,4.317074,305.011913161553
"louisiana","2009",2410.204,206884.9,2687.122,4.491648,598.248571571058
"maine","2009",240.738,50556.5,268.398,1.32959,201.8652366519
"maryland","2009",1476.48,302507.3,1646.119,5.730388,287.261351238345
"massachusetts","2009",1178.611,391265.1,1314.026,6.517613,201.611540912294
"michigan","2009",1387.662,365591.7,1547.096,9.901591,156.247213200384
"minnesota","2009",1944.58,259958.7,2168.001,5.281203,410.512718409044
"mississippi","2009",748.409,93205.6,834.397,2.958774,282.007682911909
"missouri","2009",1621.463,251780,1807.76,5.961088,303.260076012969
"montana","2009",518.749,35983.9,578.35,0.983982,587.76481683608
"nebraska","2009",728.182,86830.3,811.845,1.812683,447.869263406784
"nevada","2009",976.838,121109.5,1089.071,2.684665,405.66364890964
"new hampshire","2009",233.497,61937.4,260.325,1.316102,197.800018539596
"new jersey","2009",1977.013,486512.8,2204.159,8.755602,251.742712836879
"new mexico","2009",854.745,82017.4,952.95,2.036802,467.865801388648
"new york","2009",5386.052,1152812.1,6004.877,19.307066,311.019654669436
"north carolina","2009",1776.91,406477.4,1981.066,9.449566,209.646241954392
"north dakota","2009",392.204,32002.5,437.266,0.664968,657.574499825556
"ohio","2009",2440.968,480322,2721.42,11.528896,236.052090330245
"oklahoma","2009",1279.591,145736.4,1426.608,3.717572,383.747241479116
"oregon","2009",827.924,160640.7,923.047,3.8086,242.358609462795
"pennsylvania","2009",4864.513,577379.8,5423.416,12.666858,428.157953614069
"rhode island","2009",90.712,47901.4,101.135,1.053646,95.9857485341377
"south carolina","2009",602.657,159835.6,671.898,4.589872,146.387088790276
"south dakota","2009",417.46,36193.1,465.424,0.807067,576.685702674004
"tennessee","2009",1618.136,250544.4,1804.05,6.306019,286.083819284401
"texas","2009",6253.473,1163401.3,6971.96,24.801761,281.107458458293
"utah","2009",1045.612,113332.9,1165.747,2.723421,428.045094753988
"vermont","2009",171.71,25867.8,191.439,0.624817,306.39211161028
"virginia","2009",1320.521,408918.7,1472.24,7.925937,185.749647013344
"washington","2009",2674.525,353632,2981.812,6.667426,447.22086154387
"west virginia","2009",772.84,62957.8,861.635,1.847775,466.309480320927
"wisconsin","2009",1907.905,245539,2127.112,5.669264,375.200731523528
"wyoming","2009",422.37,36042.2,470.898,0.559851,841.11308187357
"alabama","2010",1184.6,174753,1302.806,4.785448,272.243267505989
"alaska","2010",823.983,52882.5,906.204,0.713906,1269.36039198438
"arizona","2010",1647.091,248210,1811.447,6.407774,282.695207415243
"arkansas","2010",632.141,101690,695.219,2.921978,237.927527175085
"california","2010",6595.186,1974614.5,7253.29,37.320903,194.349263199768
"colorado","2010",1170.369,255140.5,1287.155,5.048281,254.96896864497
"connecticut","2010",606.91,237653.4,667.471,3.579125,186.489994062795
"delaware","2010",413.524,57447.4,454.788,0.899595,505.547496373368
"district of columbia","2010",283.379,106120.3,311.656,0.605085,515.061520282274
"florida","2010",5908.385,737791.1,6497.956,18.845785,344.796250195999
"georgia","2010",1972.541,416883.8,2169.372,9.71181,223.374633564701
"hawaii","2010",293.931,68196.9,323.261,1.363963,237.001296956002
"idaho","2010",473.409,55170.7,520.648,1.570773,331.459733519738
"illinois","2010",3984.936,662637.8,4382.575,12.840762,341.301785672844
"indiana","2010",1696.339,280120.7,1865.609,6.490436,287.43970358848
"iowa","2010",1069.645,141482,1176.38,3.050767,385.601391387805
"kansas","2010",954.997,127744.8,1050.292,2.858213,367.46456614675
"kentucky","2010",1281.541,164605.5,1409.42,4.3482,324.13872406973
"louisiana","2010",2154.07,225677,2369.015,4.544532,521.289100835906
"maine","2010",268.533,51710.7,295.328,1.327632,222.447184159466
"maryland","2010",1420.21,316451.5,1561.926,5.788642,269.825979910314
"massachusetts","2010",1176.132,409762.5,1293.493,6.566431,196.985698928383
"michigan","2010",1315.036,386625.9,1446.257,9.877535,146.418818055314
"minnesota","2010",1957.235,271821.2,2152.538,5.310843,405.310042115724
"mississippi","2010",768.113,95208.4,844.759,2.970536,284.379317402651
"missouri","2010",1532.142,258544.1,1685.028,5.995976,281.026475089293
"montana","2010",516.517,38054.6,568.058,0.990722,573.377799221174
"nebraska","2010",738.29,91812.8,811.961,1.829536,443.807063648925
"nevada","2010",924.957,123598.1,1017.255,2.702464,376.417595202008
"new hampshire","2010",250.931,64151.6,275.971,1.316777,209.580665518915
"new jersey","2010",2127.165,495149,2339.425,8.799624,265.855109263759
"new mexico","2010",787.174,83989.2,865.723,2.064588,419.319980548177
"new york","2010",5317.066,1213946.9,5847.632,19.40008,301.423086915106
"north carolina","2010",1904.986,415206.4,2095.076,9.574293,218.823050433071
"north dakota","2010",504.539,35426.3,554.885,0.67471,822.405181485379
"ohio","2010",2505.301,497208.2,2755.294,11.539327,238.774237007063
"oklahoma","2010",1270.566,152911.4,1397.35,3.759632,371.672014707822
"oregon","2010",791.075,163827.6,870.013,3.837532,226.711594847939
"pennsylvania","2010",4866.026,599312.8,5351.585,12.711158,421.014749403634
"rhode island","2010",121.743,49571.8,133.891,1.053938,127.038782167452
"south carolina","2010",601.253,163856.8,661.25,4.635656,142.644320458636
"south dakota","2010",450.835,37484.4,495.822,0.816165,607.502159489809
"tennessee","2010",1526.089,255935.8,1678.37,6.355301,264.089773245988
"texas","2010",6564.01,1237196.8,7219.003,25.242679,285.984027289655
"utah","2010",968.052,117960.5,1064.65,2.775334,383.611486040959
"vermont","2010",177.15,27108.4,194.827,0.62588,311.28491084553
"virginia","2010",1424.375,422902,1566.508,8.02368,195.235602616256
"washington","2010",2580.864,365551.9,2838.397,6.742902,420.945907266634
"west virginia","2010",736.325,65274.1,809.8,1.854214,436.734918407476
"wisconsin","2010",1880.844,254354.1,2068.524,5.690479,363.506130151785
"wyoming","2010",400.09,37401.2,440.013,0.564483,779.497345358496
"alabama","2011",1190.628,181349.8,1250.968,4.798834,260.681657252574
"alaska","2011",741.109,56259.9,778.668,0.722038,1078.43077511156
"arizona","2011",1519.936,257947.8,1596.965,6.473497,246.692784440929
"arkansas","2011",690.512,106085.4,725.506,2.940407,246.736591226997
"california","2011",7005.085,2050056.8,7360.099,37.641823,195.529823303191
"colorado","2011",1157.483,264431.6,1216.143,5.121771,237.445797557134
"connecticut","2011",645.931,236523.7,678.667,3.588023,189.147895651728
"delaware","2011",435.326,60357.4,457.388,0.907316,504.111026367881
"district of columbia","2011",329.134,110076.2,345.814,0.619602,558.122794955471
"florida","2011",5609.756,746787.5,5894.055,19.093352,308.696712866342
"georgia","2011",1969.088,429574,2068.88,9.801578,211.076216503098
"hawaii","2011",291.324,70482.6,306.088,1.379252,221.923187350825
"idaho","2011",466.45,56488.1,490.09,1.583828,309.43385266582
"illinois","2011",4020.467,688288.9,4224.222,12.867291,328.291479535203
"indiana","2011",1678.299,288749.1,1763.355,6.516045,270.617376031013
"iowa","2011",1095.39,147227,1150.904,3.066054,375.369774961563
"kansas","2011",919.815,135315.3,966.431,2.869035,336.848801077714
"kentucky","2011",1394.708,169940.7,1465.391,4.369488,335.36904094942
"louisiana","2011",1916.922,228987.5,2014.071,4.575184,440.216393482754
"maine","2011",299.022,51866.7,314.177,1.32815,236.552347249934
"maryland","2011",1377.078,328058.4,1446.867,5.838991,247.794010985802
"massachusetts","2011",1184.777,425593.2,1244.821,6.613149,188.234228504454
"michigan","2011",1254.462,401105.4,1318.037,9.881521,133.384020536919
"minnesota","2011",1988.491,283807.3,2089.266,5.345668,390.833474880969
"mississippi","2011",795.198,96371.6,835.498,2.97847,280.51247788294
"missouri","2011",1456.837,260093.5,1530.669,6.009641,254.702235957189
"montana","2011",519.163,40579.3,545.474,0.997221,546.994096594436
"nebraska","2011",755.444,99613.4,793.73,1.840538,431.24890656971
"nevada","2011",881.549,126657.1,926.226,2.712799,341.428170682752
"new hampshire","2011",270.838,65430.5,284.564,1.319815,215.609005807632
"new jersey","2011",2298.285,499114.9,2414.761,8.827783,273.541046489249
"new mexico","2011",726.685,86625,763.513,2.080395,367.003862247314
"new york","2011",5298.045,1236061.4,5566.547,19.498514,285.485704192637
"north carolina","2011",2051.805,427205.6,2155.789,9.656754,223.241577863535
"north dakota","2011",622.269,41179.2,653.805,0.685136,954.270393031456
"ohio","2011",2593.71,525388.4,2725.158,11.543463,236.078029617282
"oklahoma","2011",1273.522,165035.6,1338.064,3.787821,353.254285247376
"oregon","2011",761.514,170621.3,800.107,3.871728,206.653721542422
"pennsylvania","2011",4913.621,618987.7,5162.641,12.744583,405.085125186128
"rhode island","2011",154.097,50175.9,161.907,1.053536,153.679608480394
"south carolina","2011",605.535,170087.2,636.223,4.671422,136.194717582783
"south dakota","2011",488.662,41541.5,513.427,0.823484,623.481451977209
"tennessee","2011",1447.985,267659.1,1521.368,6.39741,237.809988729814
"texas","2011",6938.406,1331220.6,7290.041,25.646227,284.25393723607
"utah","2011",899.232,124539.4,944.805,2.814216,335.725829147443
"vermont","2011",184.296,28135.1,193.636,0.626979,308.839690005566
"virginia","2011",1542.289,432392.7,1620.451,8.100469,200.044096212207
"washington","2011",2511.125,379539,2638.387,6.821655,386.766407858504
"west virginia","2011",706.581,68524.9,742.39,1.856074,399.978664643759
"wisconsin","2011",1871.442,263881.6,1966.285,5.704755,344.674749397652
"wyoming","2011",381.476,39370.7,400.809,0.567224,706.615023341749
"alabama","2012",1195.081,186299,1195.081,4.815564,248.170515437029
"alaska","2012",656.07,57670.1,656.07,0.730399,898.235074253935
"arizona","2012",1388.926,268288.8,1388.926,6.556629,211.835380650636
"arkansas","2012",748.719,108745.2,748.719,2.952109,253.621732801871
"california","2012",7410.836,2144497.3,7410.836,37.960782,195.223480907216
"colorado","2012",1142.809,273519.5,1142.809,5.193721,220.03665580034
"connecticut","2012",684.586,243801,684.586,3.594395,190.459312346028
"delaware","2012",456.819,61975.8,456.819,0.915188,499.153179456024
"district of columbia","2012",375.056,112736.5,375.056,0.634725,590.895269604947
"florida","2012",5299.234,769309.1,5299.234,19.32623,274.199054859639
"georgia","2012",1962.846,444132.2,1962.846,9.901496,198.237316866057
"hawaii","2012",288.276,73582.7,288.276,1.394905,206.663536226481
"idaho","2012",458.747,57764.4,458.747,1.595441,287.536173384036
"illinois","2012",4050.886,720702.3,4050.886,12.884119,314.40923512116
"indiana","2012",1657.677,297552.7,1657.677,6.53764,253.558929521968
"iowa","2012",1119.962,157250.8,1119.962,3.076097,364.085397827182
"kansas","2012",882.871,140477.8,882.871,2.885361,305.982856217991
"kentucky","2012",1507.48,176302.3,1507.48,4.386381,343.672836445352
"louisiana","2012",1673.864,233623.1,1673.864,4.600814,363.819098098728
"maine","2012",329.512,52874,329.512,1.327691,248.184253715661
"maryland","2012",1331.439,334821.6,1331.439,5.887072,226.163192840176
"massachusetts","2012",1191.89,444329.8,1191.89,6.663158,178.877643303671
"michigan","2012",1191.313,418857.4,1191.313,9.89693,120.371973935352
"minnesota","2012",2017.406,294296.6,2017.406,5.37655,375.223144953548
"mississippi","2012",821.545,99614.6,821.545,2.983767,275.338188270063
"missouri","2012",1378.474,268761.5,1378.474,6.024081,228.827268424844
"montana","2012",521.122,42005.8,521.122,1.003754,519.173024466154
"nebraska","2012",771.782,102269,771.782,1.853323,416.431458520722
"nevada","2012",836.32,128043,836.32,2.744566,304.718487367402
"new hampshire","2012",290.639,67689.2,290.639,1.323962,219.522161512188
"new jersey","2012",2468.544,519745.8,2468.544,8.845483,279.073963513355
"new mexico","2012",664.358,87601.6,664.358,2.087549,318.24785909217
"new york","2012",5271.388,1322447.9,5271.388,19.574549,269.298056369013
"north carolina","2012",2197.773,439571,2197.773,9.749123,225.432892784305
"north dakota","2012",740.742,51345.1,740.742,0.701116,1056.51846484747
"ohio","2012",2679.717,540819.3,2679.717,11.548369,232.042897139847
"oklahoma","2012",1274.746,173483.7,1274.746,3.8186,333.825485780129
"oregon","2012",730.489,174493.1,730.489,3.899118,187.347241094012
"pennsylvania","2012",4955.026,641317.3,4955.026,12.766827,388.11726672571
"rhode island","2012",186.679,51642,186.679,1.054601,177.01386590758
"south carolina","2012",609.033,175374.8,609.033,4.717112,129.111413932932
"south dakota","2012",526.325,43444.6,526.325,0.833496,631.466737692802
"tennessee","2012",1366.798,283721.8,1366.798,6.451281,211.8645893738
"texas","2012",7308.261,1411378.7,7308.261,26.08962,280.12140460459
"utah","2012",828.219,128721,828.219,2.853467,290.25007122914
"vermont","2012",191.284,28887.4,191.284,0.626063,305.534746503147
"virginia","2012",1659.666,444950,1659.666,8.185229,202.763539053092
"washington","2012",2436.936,400863.3,2436.936,6.892876,353.544151962113
"west virginia","2012",675.446,69399,675.446,1.856764,363.775902591821
"wisconsin","2012",1859.306,274343.9,1859.306,5.719855,325.061736704864
"wyoming","2012",362.076,38431.7,362.076,0.57627,628.309646519861
"alabama","2013",1165.851,191481,1136.053,4.83046,235.185261859119
"alaska","2013",553.951,56622.8,539.793,0.737045,732.374549722202
"arizona","2013",1220.965,275199.1,1189.758,6.634999,179.315475405497
"arkansas","2013",784.931,114251.5,764.869,2.959549,258.441066527366
"california","2013",7601.619,2262771.2,7407.33,38.280824,193.499753296846
"colorado","2013",1096.23,288305.2,1068.212,5.270482,202.678237018929
"connecticut","2013",703.365,246632,685.387,3.594915,190.65457736831
"delaware","2013",465.118,60666.1,453.23,0.923638,490.700902301551
"district of columbia","2013",409.69,114891,399.219,0.650431,613.776096157779
"florida","2013",4844.679,800704.1,4720.854,19.563166,241.313394774649
"georgia","2013",1901.501,460585.1,1852.901,9.973326,185.785664681973
"hawaii","2013",277.169,75788.3,270.085,1.408453,191.760037431139
"idaho","2013",438.266,61017.7,427.065,1.61153,265.005926045435
"illinois","2013",3966.886,739627.9,3865.497,12.898269,299.691144602427
"indiana","2013",1590.765,308681.7,1550.106,6.568367,235.995643970564
"iowa","2013",1112.639,160299.8,1084.201,3.093078,350.524946347942
"kansas","2013",821.693,143220.7,800.691,2.89351,276.719624262574
"kentucky","2013",1576.037,182359.2,1535.755,4.404817,348.653530895835
"louisiana","2013",1387.647,228967.4,1352.18,4.624577,292.389985073229
"maine","2013",350.244,53719,341.292,1.328196,256.959063270782
"maryland","2013",1249.089,341255.3,1217.164,5.923704,205.473467276555
"massachusetts","2013",1165.367,454345.7,1135.582,6.713944,169.137842079112
"michigan","2013",1095.677,432717.6,1067.672,9.913349,107.700435039662
"minnesota","2013",1989.116,306153,1938.276,5.413693,358.032123358306
"mississippi","2013",824.363,101638.1,803.293,2.988797,268.768002644542
"missouri","2013",1262.605,277851.1,1230.335,6.040658,203.675659174878
"montana","2013",508.394,43141,495.4,1.013564,488.770319387824
"nebraska","2013",766.15,107604.3,746.568,1.865414,400.215716189543
"nevada","2013",768.299,130621.4,748.662,2.776972,269.596524559844
"new hampshire","2013",301.947,70181.9,294.229,1.326408,221.823903354021
"new jersey","2013",2566.632,533686.7,2501.032,8.858362,282.33571849965
"new mexico","2013",584.35,88411.2,569.415,2.092792,272.083895580641
"new york","2013",5096.906,1355581.4,4966.634,19.628043,253.037656377663
"north carolina","2013",2279.578,455521.6,2221.315,9.843599,225.660858391326
"north dakota","2013",836.472,53881.7,815.093,0.721999,1128.93923675795
"ohio","2013",2688.972,561045.5,2620.245,11.576576,226.340240844961
"oklahoma","2013",1240.098,182618.4,1208.402,3.853205,313.609579557797
"oregon","2013",679.419,179382.7,662.053,3.922908,168.765874703154
"pennsylvania","2013",4856.406,663900.8,4732.282,12.776621,370.386035556662
"rhode island","2013",213.486,53209.9,208.029,1.055122,197.161086585248
"south carolina","2013",595.345,183014.9,580.128,4.764153,121.769389018363
"south dakota","2013",548.579,44814.9,534.558,0.84227,634.663468958885
"tennessee","2013",1248.478,292803.9,1216.568,6.493432,187.353621320744
"texas","2013",7466.613,1502249.8,7275.775,26.489464,274.666750523906
"utah","2013",735.057,134252.1,716.27,2.897927,247.166336488117
"vermont","2013",192.779,29098.8,187.852,0.626212,299.981475921892
"virginia","2013",1728.475,455070,1684.297,8.253053,204.0816895275
"washington","2013",2295.405,419345,2236.737,6.962906,321.236133304112
"west virginia","2013",625.817,71037.6,609.822,1.853873,328.944862997627
"wisconsin","2013",1795.073,282384.6,1749.193,5.736952,304.899361193888
"wyoming","2013",332.806,38922.5,324.3,0.582123,557.098757479089
"alabama","2014",1149.428,194211,1106.495,4.842481,228.497540826696
"alaska","2014",633.767,55523.4,610.094,0.736307,828.586445599458
"arizona","2014",1221.141,284430,1175.529,6.73384,174.570378862581
"arkansas","2014",814.611,117336.7,784.183,2.967726,264.236994924734
"california","2014",7044.734,2395162.3,6781.6,38.625139,175.574772688844
"colorado","2014",1107.547,306571.1,1066.178,5.351218,199.240247734254
"connecticut","2014",770.756,248865.2,741.967,3.594783,206.401053971825
"delaware","2014",470.045,66891,452.488,0.932596,485.191873008248
"district of columbia","2014",341.18,119841,328.436,0.662513,495.742725048414
"florida","2014",5137.043,839484.1,4945.164,19.86033,248.997071045647
"georgia","2014",2028.444,485816.7,1952.677,10.069001,193.92956659752
"hawaii","2014",294.608,77854.3,283.604,1.414862,200.446403960245
"idaho","2014",429.705,63521.8,413.655,1.631479,253.54601560915
"illinois","2014",4554.935,765347.7,4384.8,12.888962,340.198070255774
"indiana","2014",1550.835,324934.5,1492.909,6.593533,226.420190814242
"iowa","2014",1188.198,171561,1143.817,3.109504,367.845482752233
"kansas","2014",874.104,148225.6,841.455,2.900896,290.067275765832
"kentucky","2014",1592.75,186523,1533.258,4.414483,347.324477181133
"louisiana","2014",1373.7,238679.5,1322.39,4.644204,284.73986069518
"maine","2014",352.725,55795.4,339.55,1.33076,255.15494905167
"maryland","2014",1338.629,352046.7,1288.629,5.958165,216.279508875635
"massachusetts","2014",1351.317,473279,1300.843,6.763652,192.328493541655
"michigan","2014",1173.076,449127.7,1129.259,9.930589,113.715208634654
"minnesota","2014",2195.512,319778.7,2113.506,5.451522,387.690997119703
"mississippi","2014",799.075,104146,769.228,2.990623,257.213296359989
"missouri","2014",1175.513,284712.5,1131.605,6.056293,186.847796168382
"montana","2014",450.103,44495.7,433.291,1.021891,424.009018574388
"nebraska","2014",809.437,111161.7,779.203,1.879522,414.575088772571
"nevada","2014",728.686,135153.2,701.469,2.819012,248.835052848303
"new hampshire","2014",286.474,72340.1,275.774,1.333223,206.847616640277
"new jersey","2014",2602.168,546686.5,2504.972,8.86678,282.512028041747
"new mexico","2014",550.452,92480.7,529.892,2.090342,253.495361046183
"new york","2014",5461.202,1427495.2,5257.216,19.65633,267.456641193956
"north carolina","2014",2356.883,475994.6,2268.849,9.933944,228.393576609653
"north dakota","2014",913.002,58650,878.9,0.737382,1191.91952068263
"ohio","2014",2855.378,593355.1,2748.724,11.602973,236.898250129514
"oklahoma","2014",1289.14,195023.2,1240.988,3.878367,319.976938747674
"oregon","2014",726.242,188880.2,699.116,3.964106,176.361580643908
"pennsylvania","2014",5166.92,691187.5,4973.926,12.789101,388.919127310043
"rhode island","2014",214.494,54427.3,206.483,1.056017,195.529996202713
"south carolina","2014",699.764,191938.2,673.627,4.823793,139.646746864967
"south dakota","2014",557.26,46046.5,536.445,0.849088,631.78963782317
"tennessee","2014",1203.824,303809,1158.859,6.540826,177.173188829668
"texas","2014",7666.535,1572818.4,7380.175,26.977142,273.571418351136
"utah","2014",674.305,141259.7,649.118,2.937399,220.983938511588
"vermont","2014",205.618,29701.3,197.937,0.625218,316.588773835686
"virginia","2014",1805.158,463477.6,1737.732,8.312076,209.061129854924
"washington","2014",2226.892,442201.3,2143.713,7.052439,303.967606100528
"west virginia","2014",600.257,71919.2,577.837,1.849467,312.434339190697
"wisconsin","2014",1655.667,293884.6,1593.825,5.751974,277.091829691859
"wyoming","2014",331.76,39436.1,319.368,0.582548,548.226068924792
"alabama","2015",1162.773,200402.7,1119.064,4.85316,230.584608790973
"alaska","2015",737.5,50641.6,709.777,0.737547,962.348162218815
"arizona","2015",1254.431,297141.2,1207.277,6.833596,176.66789198542
"arkansas","2015",868.876,118761.2,836.215,2.978407,280.759144065939
"california","2015",6631.776,2553772.2,6382.483,38.953142,163.850274260289
"colorado","2015",1149.839,318554.9,1106.616,5.452107,202.970337889554
"connecticut","2015",864.729,260072.6,832.223,3.587509,231.977954619765
"delaware","2015",488.129,70969.4,469.78,0.941413,499.015841081438
"district of columbia","2015",276.132,125211.9,265.752,0.675254,393.558572033635
"florida","2015",5593.332,895146.2,5383.076,20.224249,266.169389033927
"georgia","2015",2221.086,513565.6,2137.594,10.181111,209.956850485178
"hawaii","2015",321.505,82710,309.42,1.422484,217.520900059333
"idaho","2015",432.069,66004.3,415.827,1.651523,251.783959412009
"illinois","2015",5316.099,792999.4,5116.264,12.864342,397.708953944166
"indiana","2015",1549.57,330032.2,1491.321,6.608296,225.674061815633
"iowa","2015",1302.344,178472.6,1253.388,3.12146,401.539023405714
"kansas","2015",954.633,152374.1,918.748,2.909502,315.775002045024
"kentucky","2015",1654.047,191923.3,1591.87,4.425999,359.663434176104
"louisiana","2015",1395.809,234299.1,1343.34,4.664851,287.970612566189
"maine","2015",364.977,57525.7,351.257,1.328484,264.404388761927
"maryland","2015",1472.013,367096.5,1416.679,5.986717,236.637041637345
"massachusetts","2015",1589.596,502858,1529.842,6.795891,225.112792421185
"michigan","2015",1288.806,474301.4,1240.359,9.932573,124.877914312837
"minnesota","2015",2478.845,329493.2,2385.664,5.482503,435.141394359474
"mississippi","2015",793.311,105883.4,763.49,2.988693,255.459493497659
"missouri","2015",1112.929,294794.6,1071.094,6.071745,176.40628847226
"montana","2015",399.09,46152.9,384.088,1.030503,372.718953753652
"nebraska","2015",878.318,115328,845.302,1.891507,446.893402985027
"nevada","2015",705.48,144232.4,678.961,2.868666,236.681788678082
"new hampshire","2015",277.46,76033.3,267.03,1.336294,199.82878019358
"new jersey","2015",2711.237,569679.5,2609.32,8.870869,294.144801371771
"new mexico","2015",528.612,90969,508.741,2.090211,243.392174282883
"new york","2015",6004.284,1487754.1,5778.58,19.661411,293.904643974942
"north carolina","2015",2504.599,503628.8,2410.45,10.033079,240.25027611165
"north dakota","2015",1020.741,55012.2,982.371,0.754022,1302.8412964078
"ohio","2015",3113.229,610772.3,2996.201,11.61785,257.896340544937
"oklahoma","2015",1377.264,185936.7,1325.492,3.909831,339.015164594071
"oregon","2015",796.704,203158.9,766.756,4.016918,190.88166599368
"pennsylvania","2015",5643.702,711205.4,5431.552,12.785759,424.812637247425
"rhode island","2015",221.402,56759.4,213.08,1.056173,201.747251633965
"south carolina","2015",831.968,203920.9,800.694,4.892253,163.665697583506
"south dakota","2015",581.778,47752.3,559.909,0.853933,655.682588680845
"tennessee","2015",1188.029,322663.6,1143.37,6.590808,173.479488402636
"texas","2015",8091.138,1568457,7786.987,27.486814,283.299002932824
"utah","2015",626.699,149371.6,603.141,2.982497,202.226858903798
"vermont","2015",225.114,30729.6,216.652,0.625197,346.533972491871
"virginia","2015",1937.245,484216.6,1864.423,8.362907,222.939583089947
"washington","2015",2212.954,470329.3,2129.768,7.163543,297.306514388201
"west virginia","2015",588.809,70281,566.676,1.841996,307.642361872664
"wisconsin","2015",1549.368,305816.5,1491.126,5.761406,258.81286616496
"wyoming","2015",339.618,37721.5,326.851,0.585668,558.082394803882
"alabama","2016",1149.183,203829.8,1102.454,4.864745,226.62112813724
"alaska","2016",832.825,49363.4,798.959,0.741504,1077.48441006387
"arizona","2016",1260.383,311091,1209.132,6.945452,174.0897496664
"arkansas","2016",907.048,120374.8,870.164,2.99041,290.984848231513
"california","2016",6020.659,2657797.6,5775.84,39.209127,147.30855905055
"colorado","2016",1168.145,329368.3,1120.645,5.540921,202.248868013097
"connecticut","2016",946.324,263696.4,907.844,3.578674,253.68167092057
"delaware","2016",496.041,69549.7,475.871,0.949216,501.33057175606
"district of columbia","2016",198.477,129826.1,190.406,0.686575,277.327313112187
"florida","2016",5955.757,938774.2,5713.577,20.629982,276.955016247712
"georgia","2016",2377.497,539525.1,2280.82,10.304763,221.336482944829
"hawaii","2016",343.068,85843.8,329.118,1.428105,230.457844486225
"idaho","2016",424.187,69029.4,406.938,1.68293,241.803283559031
"illinois","2016",6017.871,806315.5,5773.165,12.826895,450.082814274226
"indiana","2016",1510.674,338126.1,1449.245,6.633344,218.478794405959
"iowa","2016",1395.355,179546.6,1338.615,3.131785,427.428766661824
"kansas","2016",1019.384,156857.4,977.932,2.911263,335.913313225222
"kentucky","2016",1680.88,195342.2,1612.53,4.438229,363.327354221695
"louisiana","2016",1386.139,227226.7,1329.774,4.678215,284.248158752858
"maine","2016",369.508,59753.9,354.483,1.33137,266.254309470696
"maryland","2016",1581.906,384889.1,1517.581,6.004692,252.732529828341
"massachusetts","2016",1811.087,519407.6,1737.443,6.826022,254.532288351839
"michigan","2016",1383.873,491774.2,1327.6,9.95189,133.401796040752
"minnesota","2016",2727.966,339100.1,2617.038,5.523409,473.808475888713
"mississippi","2016",767.816,107096.6,736.594,2.988298,246.492819658548
"missouri","2016",1017.703,297582.6,976.32,6.087203,160.388933965238
"montana","2016",333.77,45457.9,320.198,1.040863,307.627420707624
"nebraska","2016",932.208,116193.8,894.302,1.905924,469.222277488504
"nevada","2016",663.081,151215.1,636.118,2.919772,217.865641563793
"new hampshire","2016",260.908,78477.9,250.299,1.342373,186.460097156305
"new jersey","2016",2764.598,582427.5,2652.181,8.874516,298.853593818525
"new mexico","2016",491.985,91043.6,471.979,2.092789,225.526319184591
"new york","2016",6451.456,1539555.2,6189.119,19.641589,315.102764852681
"north carolina","2016",2605.13,519122.1,2499.197,10.156679,246.064387778722
"north dakota","2016",1113.579,50833.1,1068.297,0.754353,1416.1765115271
"ohio","2016",3319.189,622835.2,3184.22,11.635003,273.675907088292
"oklahoma","2016",1440.07,178913.2,1381.512,3.926769,351.819014563882
"oregon","2016",854.294,215050.4,819.556,4.091404,200.311677849462
"pennsylvania","2016",6027.266,726163.9,5782.177,12.783538,452.314296715041
"rhode island","2016",223.579,57693.9,214.488,1.057063,202.909381938446
"south carolina","2016",956.068,212987.4,917.191,4.958235,184.983366056671
"south dakota","2016",594.444,48606.1,570.272,0.86289,660.886092085897
"tennessee","2016",1142.033,335025.7,1095.594,6.645011,164.874670636362
"texas","2016",8358.52,1565632.2,8018.635,27.937492,287.020574359359
"utah","2016",559.586,157883.3,536.832,3.042613,176.437818414632
"vermont","2016",240.935,31659,231.138,0.623644,370.624907799963
"virginia","2016",2034.459,493877.9,1951.731,8.410946,232.046549817345
"washington","2016",2144.171,491358.2,2056.982,7.29468,281.983856728465
"west virginia","2016",562.064,69721.4,539.209,1.830929,294.500223656952
"wisconsin","2016",1395.878,313532.4,1339.117,5.772958,231.963752377897
"wyoming","2016",339.969,35740.3,326.145,0.58429,558.190282222869
"alabama","2017",1153.802,210364.4,1072.971,4.87512,220.091197755132
"alaska","2017",836.172,51803.1,777.593,0.739786,1051.10531964649
"arizona","2017",1265.45,327495.8,1176.797,7.048876,166.948177269681
"arkansas","2017",910.694,123383.1,846.894,3.002997,282.016265750515
"california","2017",6044.859,2819110.7,5621.377,39.399349,142.676900575185
"colorado","2017",1172.84,350004.4,1090.675,5.615902,194.211900421339
"connecticut","2017",950.128,268310.5,883.565,3.57388,247.228502355983
"delaware","2017",498.035,70774.8,463.145,0.957078,483.915626521558
"district of columbia","2017",199.274,134042.7,185.314,0.695691,266.374008000678
"florida","2017",5979.696,985665.4,5560.779,20.976812,265.091711743424
"georgia","2017",2387.053,566473.6,2219.825,10.413055,213.177112768539
"hawaii","2017",344.447,89428.9,320.316,1.424203,224.908949075378
"idaho","2017",425.892,72723.2,396.055,1.718904,230.411355142579
"illinois","2017",6042.059,826817.8,5618.773,12.786196,439.440549792917
"indiana","2017",1516.746,351105.6,1410.488,6.660082,211.782377454212
"iowa","2017",1400.963,181846.3,1302.817,3.143637,414.429846703039
"kansas","2017",1023.481,161219.6,951.78,2.910689,326.994742481935
"kentucky","2017",1687.636,200715.4,1569.406,4.453874,352.368746848249
"louisiana","2017",1391.711,239204.3,1294.212,4.670818,277.084656263635
"maine","2017",370.994,62040.3,345.003,1.335063,258.417018522721
"maryland","2017",1588.265,394258.6,1476.996,6.024891,245.148999376088
"massachusetts","2017",1818.367,540786,1690.978,6.863246,246.38166838257
"michigan","2017",1389.435,505561.2,1292.096,9.976447,129.51464584536
"minnesota","2017",2738.931,351416.8,2547.051,5.568155,457.431770487711
"mississippi","2017",770.902,110223.4,716.895,2.989663,239.791240684987
"missouri","2017",1021.793,304946.2,950.21,6.108612,155.552521587555
"montana","2017",335.112,47559.1,311.635,1.05309,295.924374934716
"nebraska","2017",935.955,120517.4,870.386,1.917575,453.899325971605
"nevada","2017",665.746,158847.6,619.106,2.972405,208.284537268643
"new hampshire","2017",261.957,80900.2,243.605,1.349767,180.47929753802
"new jersey","2017",2775.71,595324.5,2581.254,8.888543,290.402375282428
"new mexico","2017",493.962,94267.1,459.357,2.093395,219.43159317759
"new york","2017",6477.388,1604133.6,6023.604,19.590719,307.47232911666
"north carolina","2017",2615.601,538401.6,2432.361,10.2708,236.822934922304
"north dakota","2017",1118.055,52472.3,1039.728,0.755176,1376.80222888439
"ohio","2017",3332.531,645326,3099.065,11.664129,265.691934648528
"oklahoma","2017",1445.859,188368.1,1344.567,3.93264,341.899334797998
"oregon","2017",857.728,226618.9,797.639,4.146592,192.36013574521
"pennsylvania","2017",6051.492,744290.1,5627.545,12.790447,439.980322814363
"rhode island","2017",224.478,58506.3,208.752,1.056486,197.590881469324
"south carolina","2017",959.911,223111.1,892.663,5.021219,177.778145107792
"south dakota","2017",596.833,49738.7,555.021,0.873286,635.554675100712
"tennessee","2017",1146.623,345949.8,1066.295,6.708794,158.939892922633
"texas","2017",8392.116,1665631.8,7804.194,28.322717,275.545386411904
"utah","2017",561.835,167254.6,522.475,3.103118,168.370973968763
"vermont","2017",241.904,32209.8,224.957,0.624525,360.204955766382
"virginia","2017",2042.637,509372.8,1899.536,8.465207,224.393331433006
"washington","2017",2152.79,524814.6,2001.973,7.425432,269.61030684814
"west virginia","2017",564.323,73162.9,524.789,1.817048,288.814054444351
"wisconsin","2017",1401.489,321987.7,1303.306,5.792051,225.016319780333
"wyoming","2017",341.336,37453.6,317.423,0.578934,548.288751394805
